
-- Student Database Schema
-- Compatible with SQLite, MySQL, PostgreSQL (types kept generic)

-- Drop tables if they exist (order respects FKs)
DROP TABLE IF EXISTS Grades;
DROP TABLE IF EXISTS Enrollments;
DROP TABLE IF EXISTS Courses;
DROP TABLE IF EXISTS Students;

CREATE TABLE Students (
    student_id INTEGER PRIMARY KEY,
    first_name VARCHAR(50) NOT NULL,
    last_name VARCHAR(50) NOT NULL,
    dob DATE NOT NULL,
    gender CHAR(1) CHECK (gender IN ('M','F')),
    email VARCHAR(100) UNIQUE NOT NULL
);

CREATE TABLE Courses (
    course_id VARCHAR(10) PRIMARY KEY,
    course_name VARCHAR(100) NOT NULL,
    credits INTEGER NOT NULL CHECK (credits BETWEEN 1 AND 6)
);

CREATE TABLE Enrollments (
    enrollment_id INTEGER PRIMARY KEY,
    student_id INTEGER NOT NULL,
    course_id VARCHAR(10) NOT NULL,
    enrollment_date DATE NOT NULL,
    FOREIGN KEY (student_id) REFERENCES Students(student_id) ON DELETE CASCADE,
    FOREIGN KEY (course_id) REFERENCES Courses(course_id) ON DELETE CASCADE,
    UNIQUE(student_id, course_id) -- prevent duplicate enrollments
);

CREATE TABLE Grades (
    grade_id INTEGER PRIMARY KEY,
    enrollment_id INTEGER NOT NULL UNIQUE,
    grade DECIMAL(5,2) NOT NULL CHECK (grade BETWEEN 0 AND 100),
    FOREIGN KEY (enrollment_id) REFERENCES Enrollments(enrollment_id) ON DELETE CASCADE
);


INSERT INTO Students (student_id, first_name, last_name, dob, gender, email) VALUES (1, 'Vihaan', 'Patil', '2000-09-30', 'M', 'vihaan.patil4507@example.com');
INSERT INTO Students (student_id, first_name, last_name, dob, gender, email) VALUES (2, 'Saanvi', 'Nair', '1998-12-23', 'F', 'saanvi.nair8936@example.com');
INSERT INTO Students (student_id, first_name, last_name, dob, gender, email) VALUES (3, 'Rahul', 'Patil', '2000-06-14', 'M', 'rahul.patil1536@example.com');
INSERT INTO Students (student_id, first_name, last_name, dob, gender, email) VALUES (4, 'Ritika', 'Pandey', '2004-04-17', 'M', 'ritika.pandey435@example.com');
INSERT INTO Students (student_id, first_name, last_name, dob, gender, email) VALUES (5, 'Ira', 'Pathak', '2003-01-14', 'F', 'ira.pathak3612@example.com');
INSERT INTO Students (student_id, first_name, last_name, dob, gender, email) VALUES (6, 'Atharva', 'Joshi', '2001-10-25', 'F', 'atharva.joshi6925@example.com');
INSERT INTO Students (student_id, first_name, last_name, dob, gender, email) VALUES (7, 'Advait', 'Mehta', '1999-02-23', 'M', 'advait.mehta5515@example.com');
INSERT INTO Students (student_id, first_name, last_name, dob, gender, email) VALUES (8, 'Sarthak', 'Nair', '2001-11-09', 'F', 'sarthak.nair5882@example.com');
INSERT INTO Students (student_id, first_name, last_name, dob, gender, email) VALUES (9, 'Rahul', 'Roy', '1999-05-27', 'F', 'rahul.roy8786@example.com');
INSERT INTO Students (student_id, first_name, last_name, dob, gender, email) VALUES (10, 'Ananya', 'Shukla', '2005-01-18', 'F', 'ananya.shukla4804@example.com');
INSERT INTO Students (student_id, first_name, last_name, dob, gender, email) VALUES (11, 'Dhruv', 'Desai', '1998-07-07', 'M', 'dhruv.desai1140@example.com');
INSERT INTO Students (student_id, first_name, last_name, dob, gender, email) VALUES (12, 'Priya', 'Rao', '1999-02-18', 'F', 'priya.rao3815@example.com');
INSERT INTO Students (student_id, first_name, last_name, dob, gender, email) VALUES (13, 'Kunal', 'Roy', '1999-10-29', 'F', 'kunal.roy5978@example.com');
INSERT INTO Students (student_id, first_name, last_name, dob, gender, email) VALUES (14, 'Tanvi', 'Mehta', '2005-11-14', 'M', 'tanvi.mehta4375@example.com');
INSERT INTO Students (student_id, first_name, last_name, dob, gender, email) VALUES (15, 'Krish', 'Joshi', '2000-09-29', 'M', 'krish.joshi8752@example.com');
INSERT INTO Students (student_id, first_name, last_name, dob, gender, email) VALUES (16, 'Nikita', 'Pillai', '2005-03-06', 'M', 'nikita.pillai4423@example.com');
INSERT INTO Students (student_id, first_name, last_name, dob, gender, email) VALUES (17, 'Aarya', 'Gupta', '1998-05-12', 'F', 'aarya.gupta3753@example.com');
INSERT INTO Students (student_id, first_name, last_name, dob, gender, email) VALUES (18, 'Harsh', 'Chauhan', '2000-05-14', 'F', 'harsh.chauhan1085@example.com');
INSERT INTO Students (student_id, first_name, last_name, dob, gender, email) VALUES (19, 'Meera', 'Banerjee', '2005-03-18', 'F', 'meera.banerjee6483@example.com');
INSERT INTO Students (student_id, first_name, last_name, dob, gender, email) VALUES (20, 'Advait', 'Bose', '2000-10-07', 'F', 'advait.bose2288@example.com');
INSERT INTO Students (student_id, first_name, last_name, dob, gender, email) VALUES (21, 'Anvi', 'Srivastava', '2002-06-24', 'F', 'anvi.srivastava9561@example.com');
INSERT INTO Students (student_id, first_name, last_name, dob, gender, email) VALUES (22, 'Rohan', 'Kapoor', '2003-07-15', 'M', 'rohan.kapoor8349@example.com');
INSERT INTO Students (student_id, first_name, last_name, dob, gender, email) VALUES (23, 'Aarav', 'Khan', '2005-01-14', 'M', 'aarav.khan2505@example.com');
INSERT INTO Students (student_id, first_name, last_name, dob, gender, email) VALUES (24, 'Aman', 'Pandey', '2002-04-26', 'F', 'aman.pandey1041@example.com');
INSERT INTO Students (student_id, first_name, last_name, dob, gender, email) VALUES (25, 'Krish', 'Roy', '2000-10-26', 'M', 'krish.roy8670@example.com');
INSERT INTO Students (student_id, first_name, last_name, dob, gender, email) VALUES (26, 'Vihaan', 'Chowdhury', '2005-03-10', 'F', 'vihaan.chowdhury4372@example.com');
INSERT INTO Students (student_id, first_name, last_name, dob, gender, email) VALUES (27, 'Vihaan', 'Mishra', '1999-10-10', 'F', 'vihaan.mishra7124@example.com');
INSERT INTO Students (student_id, first_name, last_name, dob, gender, email) VALUES (28, 'Atharva', 'Bose', '2000-01-02', 'M', 'atharva.bose8202@example.com');
INSERT INTO Students (student_id, first_name, last_name, dob, gender, email) VALUES (29, 'Dev', 'Mukherjee', '2000-03-25', 'M', 'dev.mukherjee9978@example.com');
INSERT INTO Students (student_id, first_name, last_name, dob, gender, email) VALUES (30, 'Om', 'Joshi', '2003-12-13', 'M', 'om.joshi8838@example.com');
INSERT INTO Students (student_id, first_name, last_name, dob, gender, email) VALUES (31, 'Krish', 'Bansal', '1998-03-21', 'M', 'krish.bansal8006@example.com');
INSERT INTO Students (student_id, first_name, last_name, dob, gender, email) VALUES (32, 'Om', 'Jain', '1998-08-26', 'M', 'om.jain3924@example.com');
INSERT INTO Students (student_id, first_name, last_name, dob, gender, email) VALUES (33, 'Dhruv', 'Rao', '2003-06-14', 'M', 'dhruv.rao1404@example.com');
INSERT INTO Students (student_id, first_name, last_name, dob, gender, email) VALUES (34, 'Ira', 'Kapoor', '2005-05-26', 'F', 'ira.kapoor2104@example.com');
INSERT INTO Students (student_id, first_name, last_name, dob, gender, email) VALUES (35, 'Ayan', 'Joshi', '2003-12-02', 'F', 'ayan.joshi4343@example.com');
INSERT INTO Students (student_id, first_name, last_name, dob, gender, email) VALUES (36, 'Meera', 'Chowdhury', '2005-12-30', 'F', 'meera.chowdhury3296@example.com');
INSERT INTO Students (student_id, first_name, last_name, dob, gender, email) VALUES (37, 'Harsh', 'Malhotra', '2003-10-21', 'F', 'harsh.malhotra7178@example.com');
INSERT INTO Students (student_id, first_name, last_name, dob, gender, email) VALUES (38, 'Vihaan', 'Chatterjee', '1998-09-20', 'F', 'vihaan.chatterjee3682@example.com');
INSERT INTO Students (student_id, first_name, last_name, dob, gender, email) VALUES (39, 'Sneha', 'Thakur', '2000-07-31', 'M', 'sneha.thakur9076@example.com');
INSERT INTO Students (student_id, first_name, last_name, dob, gender, email) VALUES (40, 'Atharva', 'Iyer', '2000-07-26', 'M', 'atharva.iyer965@example.com');
INSERT INTO Students (student_id, first_name, last_name, dob, gender, email) VALUES (41, 'Rahul', 'Saxena', '2003-10-07', 'M', 'rahul.saxena1161@example.com');
INSERT INTO Students (student_id, first_name, last_name, dob, gender, email) VALUES (42, 'Kunal', 'Banerjee', '2004-01-18', 'M', 'kunal.banerjee3511@example.com');
INSERT INTO Students (student_id, first_name, last_name, dob, gender, email) VALUES (43, 'Dhruv', 'Verma', '2000-09-22', 'F', 'dhruv.verma7745@example.com');
INSERT INTO Students (student_id, first_name, last_name, dob, gender, email) VALUES (44, 'Krisha', 'Desai', '1999-02-02', 'F', 'krisha.desai1546@example.com');
INSERT INTO Students (student_id, first_name, last_name, dob, gender, email) VALUES (45, 'Tanvi', 'Srivastava', '2003-03-28', 'M', 'tanvi.srivastava6736@example.com');
INSERT INTO Students (student_id, first_name, last_name, dob, gender, email) VALUES (46, 'Riya', 'Gupta', '2001-10-21', 'M', 'riya.gupta6597@example.com');
INSERT INTO Students (student_id, first_name, last_name, dob, gender, email) VALUES (47, 'Neha', 'Desai', '2004-01-06', 'F', 'neha.desai3117@example.com');
INSERT INTO Students (student_id, first_name, last_name, dob, gender, email) VALUES (48, 'Saanvi', 'Srivastava', '2001-02-14', 'F', 'saanvi.srivastava3007@example.com');
INSERT INTO Students (student_id, first_name, last_name, dob, gender, email) VALUES (49, 'Neha', 'Iyer', '2004-03-04', 'M', 'neha.iyer7261@example.com');
INSERT INTO Students (student_id, first_name, last_name, dob, gender, email) VALUES (50, 'Aarav', 'Chowdhury', '1999-01-18', 'M', 'aarav.chowdhury242@example.com');
INSERT INTO Students (student_id, first_name, last_name, dob, gender, email) VALUES (51, 'Aditi', 'Pathak', '2003-05-26', 'M', 'aditi.pathak7957@example.com');
INSERT INTO Students (student_id, first_name, last_name, dob, gender, email) VALUES (52, 'Harsh', 'Gupta', '2002-04-02', 'M', 'harsh.gupta2698@example.com');
INSERT INTO Students (student_id, first_name, last_name, dob, gender, email) VALUES (53, 'Sarthak', 'Bose', '2001-03-14', 'F', 'sarthak.bose7455@example.com');
INSERT INTO Students (student_id, first_name, last_name, dob, gender, email) VALUES (54, 'Ayan', 'Banerjee', '2000-02-17', 'F', 'ayan.banerjee2537@example.com');
INSERT INTO Students (student_id, first_name, last_name, dob, gender, email) VALUES (55, 'Meera', 'Gupta', '2004-01-30', 'M', 'meera.gupta9490@example.com');
INSERT INTO Students (student_id, first_name, last_name, dob, gender, email) VALUES (56, 'Aarya', 'Gupta', '2004-07-20', 'F', 'aarya.gupta822@example.com');
INSERT INTO Students (student_id, first_name, last_name, dob, gender, email) VALUES (57, 'Ritika', 'Saha', '1998-08-21', 'M', 'ritika.saha2580@example.com');
INSERT INTO Students (student_id, first_name, last_name, dob, gender, email) VALUES (58, 'Kabir', 'Iyer', '1998-10-06', 'M', 'kabir.iyer9750@example.com');
INSERT INTO Students (student_id, first_name, last_name, dob, gender, email) VALUES (59, 'Harsh', 'Khan', '2000-10-05', 'M', 'harsh.khan9334@example.com');
INSERT INTO Students (student_id, first_name, last_name, dob, gender, email) VALUES (60, 'Anika', 'Rao', '2005-05-16', 'F', 'anika.rao6869@example.com');
INSERT INTO Students (student_id, first_name, last_name, dob, gender, email) VALUES (61, 'Ishita', 'Mehta', '2000-09-04', 'F', 'ishita.mehta5148@example.com');
INSERT INTO Students (student_id, first_name, last_name, dob, gender, email) VALUES (62, 'Harsh', 'Kapoor', '2003-02-16', 'F', 'harsh.kapoor4916@example.com');
INSERT INTO Students (student_id, first_name, last_name, dob, gender, email) VALUES (63, 'Ishaan', 'Dhotre', '2004-12-19', 'M', 'ishaan.dhotre7509@example.com');
INSERT INTO Students (student_id, first_name, last_name, dob, gender, email) VALUES (64, 'Ishaan', 'Chowdhury', '2003-09-04', 'F', 'ishaan.chowdhury3493@example.com');
INSERT INTO Students (student_id, first_name, last_name, dob, gender, email) VALUES (65, 'Saanvi', 'Agarwal', '2000-09-27', 'F', 'saanvi.agarwal1128@example.com');
INSERT INTO Students (student_id, first_name, last_name, dob, gender, email) VALUES (66, 'Priya', 'Joshi', '2004-02-04', 'F', 'priya.joshi7180@example.com');
INSERT INTO Students (student_id, first_name, last_name, dob, gender, email) VALUES (67, 'Anika', 'Saha', '2005-06-28', 'F', 'anika.saha129@example.com');
INSERT INTO Students (student_id, first_name, last_name, dob, gender, email) VALUES (68, 'Riya', 'Kapoor', '1999-04-18', 'M', 'riya.kapoor4334@example.com');
INSERT INTO Students (student_id, first_name, last_name, dob, gender, email) VALUES (69, 'Ayan', 'Bajaj', '2001-02-28', 'M', 'ayan.bajaj4463@example.com');
INSERT INTO Students (student_id, first_name, last_name, dob, gender, email) VALUES (70, 'Yash', 'Mehta', '2003-09-02', 'F', 'yash.mehta4326@example.com');
INSERT INTO Students (student_id, first_name, last_name, dob, gender, email) VALUES (71, 'Ishita', 'Gupta', '2005-02-11', 'F', 'ishita.gupta1513@example.com');
INSERT INTO Students (student_id, first_name, last_name, dob, gender, email) VALUES (72, 'Kunal', 'Sharma', '2001-09-28', 'M', 'kunal.sharma59@example.com');
INSERT INTO Students (student_id, first_name, last_name, dob, gender, email) VALUES (73, 'Ishita', 'Joshi', '2004-03-09', 'F', 'ishita.joshi7240@example.com');
INSERT INTO Students (student_id, first_name, last_name, dob, gender, email) VALUES (74, 'Ayan', 'Dhotre', '1998-11-05', 'M', 'ayan.dhotre1833@example.com');
INSERT INTO Students (student_id, first_name, last_name, dob, gender, email) VALUES (75, 'Ira', 'Sharma', '2004-07-13', 'M', 'ira.sharma6050@example.com');
INSERT INTO Students (student_id, first_name, last_name, dob, gender, email) VALUES (76, 'Aman', 'Kapoor', '2001-06-16', 'F', 'aman.kapoor686@example.com');
INSERT INTO Students (student_id, first_name, last_name, dob, gender, email) VALUES (77, 'Rahul', 'Agarwal', '2005-08-25', 'M', 'rahul.agarwal3442@example.com');
INSERT INTO Students (student_id, first_name, last_name, dob, gender, email) VALUES (78, 'Riya', 'Agarwal', '2002-07-23', 'M', 'riya.agarwal9174@example.com');
INSERT INTO Students (student_id, first_name, last_name, dob, gender, email) VALUES (79, 'Neha', 'Joshi', '2002-08-16', 'M', 'neha.joshi2901@example.com');
INSERT INTO Students (student_id, first_name, last_name, dob, gender, email) VALUES (80, 'Kabir', 'Saxena', '2005-07-06', 'M', 'kabir.saxena6746@example.com');
INSERT INTO Students (student_id, first_name, last_name, dob, gender, email) VALUES (81, 'Kunal', 'Joshi', '2002-04-16', 'M', 'kunal.joshi1772@example.com');
INSERT INTO Students (student_id, first_name, last_name, dob, gender, email) VALUES (82, 'Siddharth', 'Reddy', '2003-03-01', 'F', 'siddharth.reddy3270@example.com');
INSERT INTO Students (student_id, first_name, last_name, dob, gender, email) VALUES (83, 'Dev', 'Reddy', '1998-04-07', 'M', 'dev.reddy3653@example.com');
INSERT INTO Students (student_id, first_name, last_name, dob, gender, email) VALUES (84, 'Harsh', 'Saxena', '1998-10-12', 'F', 'harsh.saxena4565@example.com');
INSERT INTO Students (student_id, first_name, last_name, dob, gender, email) VALUES (85, 'Tanvi', 'Mukherjee', '2005-08-15', 'F', 'tanvi.mukherjee6549@example.com');
INSERT INTO Students (student_id, first_name, last_name, dob, gender, email) VALUES (86, 'Sneha', 'Khan', '2000-01-02', 'F', 'sneha.khan4280@example.com');
INSERT INTO Students (student_id, first_name, last_name, dob, gender, email) VALUES (87, 'Rahul', 'Nair', '2002-11-15', 'F', 'rahul.nair9775@example.com');
INSERT INTO Students (student_id, first_name, last_name, dob, gender, email) VALUES (88, 'Aarya', 'Srivastava', '2003-09-26', 'M', 'aarya.srivastava9933@example.com');
INSERT INTO Students (student_id, first_name, last_name, dob, gender, email) VALUES (89, 'Sarthak', 'Verma', '2000-11-09', 'M', 'sarthak.verma3115@example.com');
INSERT INTO Students (student_id, first_name, last_name, dob, gender, email) VALUES (90, 'Aman', 'Dhotre', '2004-01-15', 'M', 'aman.dhotre8519@example.com');
INSERT INTO Students (student_id, first_name, last_name, dob, gender, email) VALUES (91, 'Om', 'Srivastava', '2005-06-13', 'F', 'om.srivastava1147@example.com');
INSERT INTO Students (student_id, first_name, last_name, dob, gender, email) VALUES (92, 'Anika', 'Bansal', '2001-05-15', 'F', 'anika.bansal2042@example.com');
INSERT INTO Students (student_id, first_name, last_name, dob, gender, email) VALUES (93, 'Krisha', 'Bansal', '2005-10-26', 'F', 'krisha.bansal6593@example.com');
INSERT INTO Students (student_id, first_name, last_name, dob, gender, email) VALUES (94, 'Ayan', 'Kapoor', '2002-09-19', 'F', 'ayan.kapoor3144@example.com');
INSERT INTO Students (student_id, first_name, last_name, dob, gender, email) VALUES (95, 'Kabir', 'Verma', '2002-07-22', 'M', 'kabir.verma4931@example.com');
INSERT INTO Students (student_id, first_name, last_name, dob, gender, email) VALUES (96, 'Dev', 'Mishra', '2002-10-27', 'F', 'dev.mishra3444@example.com');
INSERT INTO Students (student_id, first_name, last_name, dob, gender, email) VALUES (97, 'Nikita', 'Tiwari', '2005-07-30', 'M', 'nikita.tiwari7245@example.com');
INSERT INTO Students (student_id, first_name, last_name, dob, gender, email) VALUES (98, 'Ritika', 'Ghosh', '2005-05-22', 'M', 'ritika.ghosh2781@example.com');
INSERT INTO Students (student_id, first_name, last_name, dob, gender, email) VALUES (99, 'Priya', 'Mukherjee', '1999-01-18', 'M', 'priya.mukherjee5492@example.com');
INSERT INTO Students (student_id, first_name, last_name, dob, gender, email) VALUES (100, 'Dev', 'Reddy', '1999-08-27', 'M', 'dev.reddy3263@example.com');
INSERT INTO Students (student_id, first_name, last_name, dob, gender, email) VALUES (101, 'Rahul', 'Chatterjee', '2004-11-08', 'M', 'rahul.chatterjee7785@example.com');
INSERT INTO Students (student_id, first_name, last_name, dob, gender, email) VALUES (102, 'Nikita', 'Pathak', '2000-03-07', 'F', 'nikita.pathak9432@example.com');
INSERT INTO Students (student_id, first_name, last_name, dob, gender, email) VALUES (103, 'Pooja', 'Bhatt', '1999-08-28', 'M', 'pooja.bhatt3998@example.com');
INSERT INTO Students (student_id, first_name, last_name, dob, gender, email) VALUES (104, 'Riya', 'Srivastava', '1999-12-22', 'F', 'riya.srivastava3586@example.com');
INSERT INTO Students (student_id, first_name, last_name, dob, gender, email) VALUES (105, 'Aarav', 'Shukla', '1999-05-13', 'F', 'aarav.shukla4083@example.com');
INSERT INTO Students (student_id, first_name, last_name, dob, gender, email) VALUES (106, 'Saanvi', 'Roy', '2004-04-08', 'F', 'saanvi.roy8703@example.com');
INSERT INTO Students (student_id, first_name, last_name, dob, gender, email) VALUES (107, 'Mira', 'Mukherjee', '2004-02-23', 'F', 'mira.mukherjee6992@example.com');
INSERT INTO Students (student_id, first_name, last_name, dob, gender, email) VALUES (108, 'Aditi', 'Ghosh', '2000-11-27', 'M', 'aditi.ghosh7374@example.com');
INSERT INTO Students (student_id, first_name, last_name, dob, gender, email) VALUES (109, 'Kunal', 'Saha', '2005-01-11', 'M', 'kunal.saha7940@example.com');
INSERT INTO Students (student_id, first_name, last_name, dob, gender, email) VALUES (110, 'Kunal', 'Tiwari', '2001-03-16', 'M', 'kunal.tiwari1270@example.com');
INSERT INTO Students (student_id, first_name, last_name, dob, gender, email) VALUES (111, 'Kunal', 'Saxena', '2004-01-22', 'M', 'kunal.saxena5239@example.com');
INSERT INTO Students (student_id, first_name, last_name, dob, gender, email) VALUES (112, 'Saanvi', 'Bajaj', '2002-04-18', 'M', 'saanvi.bajaj3789@example.com');
INSERT INTO Students (student_id, first_name, last_name, dob, gender, email) VALUES (113, 'Meera', 'Iyer', '2002-07-28', 'F', 'meera.iyer6798@example.com');
INSERT INTO Students (student_id, first_name, last_name, dob, gender, email) VALUES (114, 'Ira', 'Roy', '1998-09-13', 'M', 'ira.roy6813@example.com');
INSERT INTO Students (student_id, first_name, last_name, dob, gender, email) VALUES (115, 'Krisha', 'Pillai', '2005-10-19', 'M', 'krisha.pillai9570@example.com');
INSERT INTO Students (student_id, first_name, last_name, dob, gender, email) VALUES (116, 'Dhruv', 'Pillai', '1998-01-25', 'F', 'dhruv.pillai7815@example.com');
INSERT INTO Students (student_id, first_name, last_name, dob, gender, email) VALUES (117, 'Dev', 'Pillai', '2004-01-14', 'M', 'dev.pillai6866@example.com');
INSERT INTO Students (student_id, first_name, last_name, dob, gender, email) VALUES (118, 'Pooja', 'Reddy', '2002-11-21', 'F', 'pooja.reddy4472@example.com');
INSERT INTO Students (student_id, first_name, last_name, dob, gender, email) VALUES (119, 'Sneha', 'Pillai', '2005-07-02', 'F', 'sneha.pillai5508@example.com');
INSERT INTO Students (student_id, first_name, last_name, dob, gender, email) VALUES (120, 'Aditi', 'Roy', '2004-12-23', 'M', 'aditi.roy2092@example.com');

INSERT INTO Courses (course_id, course_name, credits) VALUES ('MAT101', 'Mathematics I', 4);
INSERT INTO Courses (course_id, course_name, credits) VALUES ('PHY101', 'Physics I', 4);
INSERT INTO Courses (course_id, course_name, credits) VALUES ('CHE101', 'Chemistry I', 4);
INSERT INTO Courses (course_id, course_name, credits) VALUES ('CSE101', 'Intro to Programming', 3);
INSERT INTO Courses (course_id, course_name, credits) VALUES ('CSE201', 'Data Structures', 4);
INSERT INTO Courses (course_id, course_name, credits) VALUES ('STA201', 'Statistics', 3);
INSERT INTO Courses (course_id, course_name, credits) VALUES ('DBS301', 'Database Systems', 3);
INSERT INTO Courses (course_id, course_name, credits) VALUES ('ECO101', 'Microeconomics', 3);
INSERT INTO Courses (course_id, course_name, credits) VALUES ('ENG101', 'English Composition', 2);
INSERT INTO Courses (course_id, course_name, credits) VALUES ('HIS101', 'World History', 2);

INSERT INTO Enrollments (enrollment_id, student_id, course_id, enrollment_date) VALUES (1, 1, 'HIS101', '2023-07-28');
INSERT INTO Enrollments (enrollment_id, student_id, course_id, enrollment_date) VALUES (2, 1, 'MAT101', '2023-07-15');
INSERT INTO Enrollments (enrollment_id, student_id, course_id, enrollment_date) VALUES (3, 1, 'PHY101', '2023-07-06');
INSERT INTO Enrollments (enrollment_id, student_id, course_id, enrollment_date) VALUES (4, 1, 'STA201', '2023-07-02');
INSERT INTO Enrollments (enrollment_id, student_id, course_id, enrollment_date) VALUES (5, 1, 'CSE101', '2023-07-09');
INSERT INTO Enrollments (enrollment_id, student_id, course_id, enrollment_date) VALUES (6, 1, 'ECO101', '2023-07-13');
INSERT INTO Enrollments (enrollment_id, student_id, course_id, enrollment_date) VALUES (7, 2, 'CSE101', '2023-07-09');
INSERT INTO Enrollments (enrollment_id, student_id, course_id, enrollment_date) VALUES (8, 2, 'ECO101', '2023-07-25');
INSERT INTO Enrollments (enrollment_id, student_id, course_id, enrollment_date) VALUES (9, 2, 'STA201', '2023-07-31');
INSERT INTO Enrollments (enrollment_id, student_id, course_id, enrollment_date) VALUES (10, 2, 'CHE101', '2023-07-27');
INSERT INTO Enrollments (enrollment_id, student_id, course_id, enrollment_date) VALUES (11, 2, 'HIS101', '2023-07-14');
INSERT INTO Enrollments (enrollment_id, student_id, course_id, enrollment_date) VALUES (12, 3, 'PHY101', '2023-07-02');
INSERT INTO Enrollments (enrollment_id, student_id, course_id, enrollment_date) VALUES (13, 3, 'ECO101', '2023-07-31');
INSERT INTO Enrollments (enrollment_id, student_id, course_id, enrollment_date) VALUES (14, 3, 'MAT101', '2023-07-12');
INSERT INTO Enrollments (enrollment_id, student_id, course_id, enrollment_date) VALUES (15, 3, 'STA201', '2023-07-08');
INSERT INTO Enrollments (enrollment_id, student_id, course_id, enrollment_date) VALUES (16, 3, 'CSE201', '2023-07-21');
INSERT INTO Enrollments (enrollment_id, student_id, course_id, enrollment_date) VALUES (17, 4, 'MAT101', '2023-07-07');
INSERT INTO Enrollments (enrollment_id, student_id, course_id, enrollment_date) VALUES (18, 4, 'HIS101', '2023-07-27');
INSERT INTO Enrollments (enrollment_id, student_id, course_id, enrollment_date) VALUES (19, 4, 'CSE101', '2023-07-01');
INSERT INTO Enrollments (enrollment_id, student_id, course_id, enrollment_date) VALUES (20, 5, 'CSE101', '2023-07-04');
INSERT INTO Enrollments (enrollment_id, student_id, course_id, enrollment_date) VALUES (21, 5, 'CHE101', '2023-07-19');
INSERT INTO Enrollments (enrollment_id, student_id, course_id, enrollment_date) VALUES (22, 5, 'ECO101', '2023-07-31');
INSERT INTO Enrollments (enrollment_id, student_id, course_id, enrollment_date) VALUES (23, 5, 'STA201', '2023-07-07');
INSERT INTO Enrollments (enrollment_id, student_id, course_id, enrollment_date) VALUES (24, 6, 'CSE201', '2023-07-25');
INSERT INTO Enrollments (enrollment_id, student_id, course_id, enrollment_date) VALUES (25, 6, 'STA201', '2023-07-27');
INSERT INTO Enrollments (enrollment_id, student_id, course_id, enrollment_date) VALUES (26, 6, 'CHE101', '2023-07-06');
INSERT INTO Enrollments (enrollment_id, student_id, course_id, enrollment_date) VALUES (27, 6, 'HIS101', '2023-07-31');
INSERT INTO Enrollments (enrollment_id, student_id, course_id, enrollment_date) VALUES (28, 6, 'DBS301', '2023-07-10');
INSERT INTO Enrollments (enrollment_id, student_id, course_id, enrollment_date) VALUES (29, 6, 'MAT101', '2023-07-04');
INSERT INTO Enrollments (enrollment_id, student_id, course_id, enrollment_date) VALUES (30, 7, 'CSE201', '2023-07-31');
INSERT INTO Enrollments (enrollment_id, student_id, course_id, enrollment_date) VALUES (31, 7, 'DBS301', '2023-07-23');
INSERT INTO Enrollments (enrollment_id, student_id, course_id, enrollment_date) VALUES (32, 7, 'ENG101', '2023-07-07');
INSERT INTO Enrollments (enrollment_id, student_id, course_id, enrollment_date) VALUES (33, 8, 'HIS101', '2023-07-23');
INSERT INTO Enrollments (enrollment_id, student_id, course_id, enrollment_date) VALUES (34, 8, 'CSE101', '2023-07-25');
INSERT INTO Enrollments (enrollment_id, student_id, course_id, enrollment_date) VALUES (35, 8, 'PHY101', '2023-07-10');
INSERT INTO Enrollments (enrollment_id, student_id, course_id, enrollment_date) VALUES (36, 9, 'HIS101', '2023-07-18');
INSERT INTO Enrollments (enrollment_id, student_id, course_id, enrollment_date) VALUES (37, 9, 'MAT101', '2023-07-14');
INSERT INTO Enrollments (enrollment_id, student_id, course_id, enrollment_date) VALUES (38, 9, 'STA201', '2023-07-22');
INSERT INTO Enrollments (enrollment_id, student_id, course_id, enrollment_date) VALUES (39, 10, 'PHY101', '2023-07-27');
INSERT INTO Enrollments (enrollment_id, student_id, course_id, enrollment_date) VALUES (40, 10, 'ENG101', '2023-07-16');
INSERT INTO Enrollments (enrollment_id, student_id, course_id, enrollment_date) VALUES (41, 10, 'STA201', '2023-07-04');
INSERT INTO Enrollments (enrollment_id, student_id, course_id, enrollment_date) VALUES (42, 10, 'MAT101', '2023-07-14');
INSERT INTO Enrollments (enrollment_id, student_id, course_id, enrollment_date) VALUES (43, 10, 'CSE101', '2023-07-31');
INSERT INTO Enrollments (enrollment_id, student_id, course_id, enrollment_date) VALUES (44, 11, 'ECO101', '2023-07-17');
INSERT INTO Enrollments (enrollment_id, student_id, course_id, enrollment_date) VALUES (45, 11, 'CHE101', '2023-07-31');
INSERT INTO Enrollments (enrollment_id, student_id, course_id, enrollment_date) VALUES (46, 11, 'DBS301', '2023-07-21');
INSERT INTO Enrollments (enrollment_id, student_id, course_id, enrollment_date) VALUES (47, 11, 'PHY101', '2023-07-09');
INSERT INTO Enrollments (enrollment_id, student_id, course_id, enrollment_date) VALUES (48, 11, 'STA201', '2023-07-20');
INSERT INTO Enrollments (enrollment_id, student_id, course_id, enrollment_date) VALUES (49, 12, 'ECO101', '2023-07-09');
INSERT INTO Enrollments (enrollment_id, student_id, course_id, enrollment_date) VALUES (50, 12, 'DBS301', '2023-07-29');
INSERT INTO Enrollments (enrollment_id, student_id, course_id, enrollment_date) VALUES (51, 12, 'CSE201', '2023-07-15');
INSERT INTO Enrollments (enrollment_id, student_id, course_id, enrollment_date) VALUES (52, 12, 'CHE101', '2023-07-08');
INSERT INTO Enrollments (enrollment_id, student_id, course_id, enrollment_date) VALUES (53, 12, 'PHY101', '2023-07-25');
INSERT INTO Enrollments (enrollment_id, student_id, course_id, enrollment_date) VALUES (54, 12, 'MAT101', '2023-07-15');
INSERT INTO Enrollments (enrollment_id, student_id, course_id, enrollment_date) VALUES (55, 13, 'STA201', '2023-07-16');
INSERT INTO Enrollments (enrollment_id, student_id, course_id, enrollment_date) VALUES (56, 13, 'MAT101', '2023-07-07');
INSERT INTO Enrollments (enrollment_id, student_id, course_id, enrollment_date) VALUES (57, 13, 'ECO101', '2023-07-12');
INSERT INTO Enrollments (enrollment_id, student_id, course_id, enrollment_date) VALUES (58, 13, 'DBS301', '2023-07-26');
INSERT INTO Enrollments (enrollment_id, student_id, course_id, enrollment_date) VALUES (59, 13, 'CHE101', '2023-07-09');
INSERT INTO Enrollments (enrollment_id, student_id, course_id, enrollment_date) VALUES (60, 13, 'PHY101', '2023-07-11');
INSERT INTO Enrollments (enrollment_id, student_id, course_id, enrollment_date) VALUES (61, 14, 'HIS101', '2023-07-03');
INSERT INTO Enrollments (enrollment_id, student_id, course_id, enrollment_date) VALUES (62, 14, 'CSE201', '2023-07-08');
INSERT INTO Enrollments (enrollment_id, student_id, course_id, enrollment_date) VALUES (63, 14, 'MAT101', '2023-07-24');
INSERT INTO Enrollments (enrollment_id, student_id, course_id, enrollment_date) VALUES (64, 14, 'ENG101', '2023-07-14');
INSERT INTO Enrollments (enrollment_id, student_id, course_id, enrollment_date) VALUES (65, 14, 'PHY101', '2023-07-16');
INSERT INTO Enrollments (enrollment_id, student_id, course_id, enrollment_date) VALUES (66, 15, 'ECO101', '2023-07-01');
INSERT INTO Enrollments (enrollment_id, student_id, course_id, enrollment_date) VALUES (67, 15, 'HIS101', '2023-07-03');
INSERT INTO Enrollments (enrollment_id, student_id, course_id, enrollment_date) VALUES (68, 15, 'ENG101', '2023-07-10');
INSERT INTO Enrollments (enrollment_id, student_id, course_id, enrollment_date) VALUES (69, 15, 'DBS301', '2023-07-08');
INSERT INTO Enrollments (enrollment_id, student_id, course_id, enrollment_date) VALUES (70, 16, 'CSE101', '2023-07-12');
INSERT INTO Enrollments (enrollment_id, student_id, course_id, enrollment_date) VALUES (71, 16, 'CSE201', '2023-07-14');
INSERT INTO Enrollments (enrollment_id, student_id, course_id, enrollment_date) VALUES (72, 16, 'STA201', '2023-07-24');
INSERT INTO Enrollments (enrollment_id, student_id, course_id, enrollment_date) VALUES (73, 16, 'HIS101', '2023-07-18');
INSERT INTO Enrollments (enrollment_id, student_id, course_id, enrollment_date) VALUES (74, 16, 'ENG101', '2023-07-11');
INSERT INTO Enrollments (enrollment_id, student_id, course_id, enrollment_date) VALUES (75, 16, 'ECO101', '2023-07-12');
INSERT INTO Enrollments (enrollment_id, student_id, course_id, enrollment_date) VALUES (76, 17, 'CSE201', '2023-07-11');
INSERT INTO Enrollments (enrollment_id, student_id, course_id, enrollment_date) VALUES (77, 17, 'HIS101', '2023-07-04');
INSERT INTO Enrollments (enrollment_id, student_id, course_id, enrollment_date) VALUES (78, 17, 'ENG101', '2023-07-24');
INSERT INTO Enrollments (enrollment_id, student_id, course_id, enrollment_date) VALUES (79, 17, 'PHY101', '2023-07-18');
INSERT INTO Enrollments (enrollment_id, student_id, course_id, enrollment_date) VALUES (80, 17, 'MAT101', '2023-07-31');
INSERT INTO Enrollments (enrollment_id, student_id, course_id, enrollment_date) VALUES (81, 17, 'DBS301', '2023-07-25');
INSERT INTO Enrollments (enrollment_id, student_id, course_id, enrollment_date) VALUES (82, 18, 'CSE101', '2023-07-24');
INSERT INTO Enrollments (enrollment_id, student_id, course_id, enrollment_date) VALUES (83, 18, 'HIS101', '2023-07-19');
INSERT INTO Enrollments (enrollment_id, student_id, course_id, enrollment_date) VALUES (84, 18, 'ECO101', '2023-07-25');
INSERT INTO Enrollments (enrollment_id, student_id, course_id, enrollment_date) VALUES (85, 18, 'CHE101', '2023-07-17');
INSERT INTO Enrollments (enrollment_id, student_id, course_id, enrollment_date) VALUES (86, 19, 'PHY101', '2023-07-06');
INSERT INTO Enrollments (enrollment_id, student_id, course_id, enrollment_date) VALUES (87, 19, 'CSE101', '2023-07-10');
INSERT INTO Enrollments (enrollment_id, student_id, course_id, enrollment_date) VALUES (88, 19, 'CSE201', '2023-07-01');
INSERT INTO Enrollments (enrollment_id, student_id, course_id, enrollment_date) VALUES (89, 19, 'HIS101', '2023-07-23');
INSERT INTO Enrollments (enrollment_id, student_id, course_id, enrollment_date) VALUES (90, 19, 'CHE101', '2023-07-18');
INSERT INTO Enrollments (enrollment_id, student_id, course_id, enrollment_date) VALUES (91, 20, 'CSE201', '2023-07-10');
INSERT INTO Enrollments (enrollment_id, student_id, course_id, enrollment_date) VALUES (92, 20, 'MAT101', '2023-07-23');
INSERT INTO Enrollments (enrollment_id, student_id, course_id, enrollment_date) VALUES (93, 20, 'ENG101', '2023-07-31');
INSERT INTO Enrollments (enrollment_id, student_id, course_id, enrollment_date) VALUES (94, 20, 'HIS101', '2023-07-05');
INSERT INTO Enrollments (enrollment_id, student_id, course_id, enrollment_date) VALUES (95, 21, 'PHY101', '2023-07-11');
INSERT INTO Enrollments (enrollment_id, student_id, course_id, enrollment_date) VALUES (96, 21, 'MAT101', '2023-07-06');
INSERT INTO Enrollments (enrollment_id, student_id, course_id, enrollment_date) VALUES (97, 21, 'CSE201', '2023-07-31');
INSERT INTO Enrollments (enrollment_id, student_id, course_id, enrollment_date) VALUES (98, 21, 'CSE101', '2023-07-02');
INSERT INTO Enrollments (enrollment_id, student_id, course_id, enrollment_date) VALUES (99, 21, 'DBS301', '2023-07-09');
INSERT INTO Enrollments (enrollment_id, student_id, course_id, enrollment_date) VALUES (100, 21, 'STA201', '2023-07-31');
INSERT INTO Enrollments (enrollment_id, student_id, course_id, enrollment_date) VALUES (101, 22, 'PHY101', '2023-07-21');
INSERT INTO Enrollments (enrollment_id, student_id, course_id, enrollment_date) VALUES (102, 22, 'HIS101', '2023-07-22');
INSERT INTO Enrollments (enrollment_id, student_id, course_id, enrollment_date) VALUES (103, 22, 'DBS301', '2023-07-02');
INSERT INTO Enrollments (enrollment_id, student_id, course_id, enrollment_date) VALUES (104, 22, 'CSE101', '2023-07-05');
INSERT INTO Enrollments (enrollment_id, student_id, course_id, enrollment_date) VALUES (105, 22, 'MAT101', '2023-07-05');
INSERT INTO Enrollments (enrollment_id, student_id, course_id, enrollment_date) VALUES (106, 22, 'CSE201', '2023-07-26');
INSERT INTO Enrollments (enrollment_id, student_id, course_id, enrollment_date) VALUES (107, 23, 'PHY101', '2023-07-20');
INSERT INTO Enrollments (enrollment_id, student_id, course_id, enrollment_date) VALUES (108, 23, 'CSE101', '2023-07-20');
INSERT INTO Enrollments (enrollment_id, student_id, course_id, enrollment_date) VALUES (109, 23, 'HIS101', '2023-07-26');
INSERT INTO Enrollments (enrollment_id, student_id, course_id, enrollment_date) VALUES (110, 23, 'CSE201', '2023-07-20');
INSERT INTO Enrollments (enrollment_id, student_id, course_id, enrollment_date) VALUES (111, 23, 'ENG101', '2023-07-08');
INSERT INTO Enrollments (enrollment_id, student_id, course_id, enrollment_date) VALUES (112, 24, 'ECO101', '2023-07-10');
INSERT INTO Enrollments (enrollment_id, student_id, course_id, enrollment_date) VALUES (113, 24, 'HIS101', '2023-07-19');
INSERT INTO Enrollments (enrollment_id, student_id, course_id, enrollment_date) VALUES (114, 24, 'CSE201', '2023-07-20');
INSERT INTO Enrollments (enrollment_id, student_id, course_id, enrollment_date) VALUES (115, 24, 'DBS301', '2023-07-02');
INSERT INTO Enrollments (enrollment_id, student_id, course_id, enrollment_date) VALUES (116, 24, 'ENG101', '2023-07-20');
INSERT INTO Enrollments (enrollment_id, student_id, course_id, enrollment_date) VALUES (117, 24, 'CSE101', '2023-07-31');
INSERT INTO Enrollments (enrollment_id, student_id, course_id, enrollment_date) VALUES (118, 25, 'CSE101', '2023-07-22');
INSERT INTO Enrollments (enrollment_id, student_id, course_id, enrollment_date) VALUES (119, 25, 'HIS101', '2023-07-03');
INSERT INTO Enrollments (enrollment_id, student_id, course_id, enrollment_date) VALUES (120, 25, 'CSE201', '2023-07-06');
INSERT INTO Enrollments (enrollment_id, student_id, course_id, enrollment_date) VALUES (121, 26, 'CHE101', '2023-07-01');
INSERT INTO Enrollments (enrollment_id, student_id, course_id, enrollment_date) VALUES (122, 26, 'ENG101', '2023-07-14');
INSERT INTO Enrollments (enrollment_id, student_id, course_id, enrollment_date) VALUES (123, 26, 'PHY101', '2023-07-15');
INSERT INTO Enrollments (enrollment_id, student_id, course_id, enrollment_date) VALUES (124, 26, 'ECO101', '2023-07-23');
INSERT INTO Enrollments (enrollment_id, student_id, course_id, enrollment_date) VALUES (125, 27, 'CSE201', '2023-07-23');
INSERT INTO Enrollments (enrollment_id, student_id, course_id, enrollment_date) VALUES (126, 27, 'MAT101', '2023-07-28');
INSERT INTO Enrollments (enrollment_id, student_id, course_id, enrollment_date) VALUES (127, 27, 'CSE101', '2023-07-15');
INSERT INTO Enrollments (enrollment_id, student_id, course_id, enrollment_date) VALUES (128, 27, 'CHE101', '2023-07-03');
INSERT INTO Enrollments (enrollment_id, student_id, course_id, enrollment_date) VALUES (129, 27, 'STA201', '2023-07-22');
INSERT INTO Enrollments (enrollment_id, student_id, course_id, enrollment_date) VALUES (130, 27, 'DBS301', '2023-07-08');
INSERT INTO Enrollments (enrollment_id, student_id, course_id, enrollment_date) VALUES (131, 28, 'HIS101', '2023-07-08');
INSERT INTO Enrollments (enrollment_id, student_id, course_id, enrollment_date) VALUES (132, 28, 'CSE101', '2023-07-21');
INSERT INTO Enrollments (enrollment_id, student_id, course_id, enrollment_date) VALUES (133, 28, 'DBS301', '2023-07-05');
INSERT INTO Enrollments (enrollment_id, student_id, course_id, enrollment_date) VALUES (134, 28, 'MAT101', '2023-07-30');
INSERT INTO Enrollments (enrollment_id, student_id, course_id, enrollment_date) VALUES (135, 28, 'CSE201', '2023-07-09');
INSERT INTO Enrollments (enrollment_id, student_id, course_id, enrollment_date) VALUES (136, 29, 'PHY101', '2023-07-10');
INSERT INTO Enrollments (enrollment_id, student_id, course_id, enrollment_date) VALUES (137, 29, 'MAT101', '2023-07-20');
INSERT INTO Enrollments (enrollment_id, student_id, course_id, enrollment_date) VALUES (138, 29, 'CHE101', '2023-07-24');
INSERT INTO Enrollments (enrollment_id, student_id, course_id, enrollment_date) VALUES (139, 29, 'DBS301', '2023-07-27');
INSERT INTO Enrollments (enrollment_id, student_id, course_id, enrollment_date) VALUES (140, 30, 'ECO101', '2023-07-23');
INSERT INTO Enrollments (enrollment_id, student_id, course_id, enrollment_date) VALUES (141, 30, 'PHY101', '2023-07-13');
INSERT INTO Enrollments (enrollment_id, student_id, course_id, enrollment_date) VALUES (142, 30, 'HIS101', '2023-07-31');
INSERT INTO Enrollments (enrollment_id, student_id, course_id, enrollment_date) VALUES (143, 30, 'STA201', '2023-07-09');
INSERT INTO Enrollments (enrollment_id, student_id, course_id, enrollment_date) VALUES (144, 30, 'CHE101', '2023-07-17');
INSERT INTO Enrollments (enrollment_id, student_id, course_id, enrollment_date) VALUES (145, 31, 'ECO101', '2023-07-20');
INSERT INTO Enrollments (enrollment_id, student_id, course_id, enrollment_date) VALUES (146, 31, 'PHY101', '2023-07-09');
INSERT INTO Enrollments (enrollment_id, student_id, course_id, enrollment_date) VALUES (147, 31, 'MAT101', '2023-07-01');
INSERT INTO Enrollments (enrollment_id, student_id, course_id, enrollment_date) VALUES (148, 31, 'CSE101', '2023-07-03');
INSERT INTO Enrollments (enrollment_id, student_id, course_id, enrollment_date) VALUES (149, 31, 'STA201', '2023-07-08');
INSERT INTO Enrollments (enrollment_id, student_id, course_id, enrollment_date) VALUES (150, 31, 'CHE101', '2023-07-31');
INSERT INTO Enrollments (enrollment_id, student_id, course_id, enrollment_date) VALUES (151, 32, 'CSE201', '2023-07-16');
INSERT INTO Enrollments (enrollment_id, student_id, course_id, enrollment_date) VALUES (152, 32, 'MAT101', '2023-07-17');
INSERT INTO Enrollments (enrollment_id, student_id, course_id, enrollment_date) VALUES (153, 32, 'CHE101', '2023-07-21');
INSERT INTO Enrollments (enrollment_id, student_id, course_id, enrollment_date) VALUES (154, 33, 'CSE201', '2023-07-16');
INSERT INTO Enrollments (enrollment_id, student_id, course_id, enrollment_date) VALUES (155, 33, 'CHE101', '2023-07-12');
INSERT INTO Enrollments (enrollment_id, student_id, course_id, enrollment_date) VALUES (156, 33, 'DBS301', '2023-07-14');
INSERT INTO Enrollments (enrollment_id, student_id, course_id, enrollment_date) VALUES (157, 33, 'STA201', '2023-07-11');
INSERT INTO Enrollments (enrollment_id, student_id, course_id, enrollment_date) VALUES (158, 33, 'CSE101', '2023-07-11');
INSERT INTO Enrollments (enrollment_id, student_id, course_id, enrollment_date) VALUES (159, 33, 'MAT101', '2023-07-22');
INSERT INTO Enrollments (enrollment_id, student_id, course_id, enrollment_date) VALUES (160, 34, 'CHE101', '2023-07-23');
INSERT INTO Enrollments (enrollment_id, student_id, course_id, enrollment_date) VALUES (161, 34, 'STA201', '2023-07-16');
INSERT INTO Enrollments (enrollment_id, student_id, course_id, enrollment_date) VALUES (162, 34, 'DBS301', '2023-07-10');
INSERT INTO Enrollments (enrollment_id, student_id, course_id, enrollment_date) VALUES (163, 35, 'ENG101', '2023-07-11');
INSERT INTO Enrollments (enrollment_id, student_id, course_id, enrollment_date) VALUES (164, 35, 'MAT101', '2023-07-04');
INSERT INTO Enrollments (enrollment_id, student_id, course_id, enrollment_date) VALUES (165, 35, 'ECO101', '2023-07-25');
INSERT INTO Enrollments (enrollment_id, student_id, course_id, enrollment_date) VALUES (166, 35, 'HIS101', '2023-07-13');
INSERT INTO Enrollments (enrollment_id, student_id, course_id, enrollment_date) VALUES (167, 35, 'CHE101', '2023-07-28');
INSERT INTO Enrollments (enrollment_id, student_id, course_id, enrollment_date) VALUES (168, 35, 'STA201', '2023-07-17');
INSERT INTO Enrollments (enrollment_id, student_id, course_id, enrollment_date) VALUES (169, 36, 'ENG101', '2023-07-02');
INSERT INTO Enrollments (enrollment_id, student_id, course_id, enrollment_date) VALUES (170, 36, 'ECO101', '2023-07-07');
INSERT INTO Enrollments (enrollment_id, student_id, course_id, enrollment_date) VALUES (171, 36, 'DBS301', '2023-07-17');
INSERT INTO Enrollments (enrollment_id, student_id, course_id, enrollment_date) VALUES (172, 37, 'HIS101', '2023-07-07');
INSERT INTO Enrollments (enrollment_id, student_id, course_id, enrollment_date) VALUES (173, 37, 'ECO101', '2023-07-09');
INSERT INTO Enrollments (enrollment_id, student_id, course_id, enrollment_date) VALUES (174, 37, 'ENG101', '2023-07-18');
INSERT INTO Enrollments (enrollment_id, student_id, course_id, enrollment_date) VALUES (175, 37, 'DBS301', '2023-07-05');
INSERT INTO Enrollments (enrollment_id, student_id, course_id, enrollment_date) VALUES (176, 37, 'MAT101', '2023-07-30');
INSERT INTO Enrollments (enrollment_id, student_id, course_id, enrollment_date) VALUES (177, 38, 'ECO101', '2023-07-20');
INSERT INTO Enrollments (enrollment_id, student_id, course_id, enrollment_date) VALUES (178, 38, 'HIS101', '2023-07-26');
INSERT INTO Enrollments (enrollment_id, student_id, course_id, enrollment_date) VALUES (179, 38, 'PHY101', '2023-07-08');
INSERT INTO Enrollments (enrollment_id, student_id, course_id, enrollment_date) VALUES (180, 38, 'MAT101', '2023-07-23');
INSERT INTO Enrollments (enrollment_id, student_id, course_id, enrollment_date) VALUES (181, 38, 'STA201', '2023-07-06');
INSERT INTO Enrollments (enrollment_id, student_id, course_id, enrollment_date) VALUES (182, 39, 'ENG101', '2023-07-27');
INSERT INTO Enrollments (enrollment_id, student_id, course_id, enrollment_date) VALUES (183, 39, 'MAT101', '2023-07-30');
INSERT INTO Enrollments (enrollment_id, student_id, course_id, enrollment_date) VALUES (184, 39, 'DBS301', '2023-07-04');
INSERT INTO Enrollments (enrollment_id, student_id, course_id, enrollment_date) VALUES (185, 39, 'HIS101', '2023-07-15');
INSERT INTO Enrollments (enrollment_id, student_id, course_id, enrollment_date) VALUES (186, 39, 'PHY101', '2023-07-31');
INSERT INTO Enrollments (enrollment_id, student_id, course_id, enrollment_date) VALUES (187, 40, 'CHE101', '2023-07-17');
INSERT INTO Enrollments (enrollment_id, student_id, course_id, enrollment_date) VALUES (188, 40, 'ECO101', '2023-07-23');
INSERT INTO Enrollments (enrollment_id, student_id, course_id, enrollment_date) VALUES (189, 40, 'CSE201', '2023-07-09');
INSERT INTO Enrollments (enrollment_id, student_id, course_id, enrollment_date) VALUES (190, 41, 'ECO101', '2023-07-13');
INSERT INTO Enrollments (enrollment_id, student_id, course_id, enrollment_date) VALUES (191, 41, 'HIS101', '2023-07-07');
INSERT INTO Enrollments (enrollment_id, student_id, course_id, enrollment_date) VALUES (192, 41, 'CSE101', '2023-07-30');
INSERT INTO Enrollments (enrollment_id, student_id, course_id, enrollment_date) VALUES (193, 41, 'ENG101', '2023-07-20');
INSERT INTO Enrollments (enrollment_id, student_id, course_id, enrollment_date) VALUES (194, 41, 'CSE201', '2023-07-17');
INSERT INTO Enrollments (enrollment_id, student_id, course_id, enrollment_date) VALUES (195, 41, 'PHY101', '2023-07-24');
INSERT INTO Enrollments (enrollment_id, student_id, course_id, enrollment_date) VALUES (196, 42, 'PHY101', '2023-07-30');
INSERT INTO Enrollments (enrollment_id, student_id, course_id, enrollment_date) VALUES (197, 42, 'CSE201', '2023-07-26');
INSERT INTO Enrollments (enrollment_id, student_id, course_id, enrollment_date) VALUES (198, 42, 'DBS301', '2023-07-17');
INSERT INTO Enrollments (enrollment_id, student_id, course_id, enrollment_date) VALUES (199, 42, 'CHE101', '2023-07-09');
INSERT INTO Enrollments (enrollment_id, student_id, course_id, enrollment_date) VALUES (200, 43, 'CSE201', '2023-07-28');
INSERT INTO Enrollments (enrollment_id, student_id, course_id, enrollment_date) VALUES (201, 43, 'HIS101', '2023-07-05');
INSERT INTO Enrollments (enrollment_id, student_id, course_id, enrollment_date) VALUES (202, 43, 'ECO101', '2023-07-15');
INSERT INTO Enrollments (enrollment_id, student_id, course_id, enrollment_date) VALUES (203, 44, 'STA201', '2023-07-23');
INSERT INTO Enrollments (enrollment_id, student_id, course_id, enrollment_date) VALUES (204, 44, 'HIS101', '2023-07-08');
INSERT INTO Enrollments (enrollment_id, student_id, course_id, enrollment_date) VALUES (205, 44, 'DBS301', '2023-07-19');
INSERT INTO Enrollments (enrollment_id, student_id, course_id, enrollment_date) VALUES (206, 44, 'CSE101', '2023-07-13');
INSERT INTO Enrollments (enrollment_id, student_id, course_id, enrollment_date) VALUES (207, 44, 'CHE101', '2023-07-08');
INSERT INTO Enrollments (enrollment_id, student_id, course_id, enrollment_date) VALUES (208, 44, 'PHY101', '2023-07-28');
INSERT INTO Enrollments (enrollment_id, student_id, course_id, enrollment_date) VALUES (209, 45, 'MAT101', '2023-07-22');
INSERT INTO Enrollments (enrollment_id, student_id, course_id, enrollment_date) VALUES (210, 45, 'STA201', '2023-07-26');
INSERT INTO Enrollments (enrollment_id, student_id, course_id, enrollment_date) VALUES (211, 45, 'ECO101', '2023-07-27');
INSERT INTO Enrollments (enrollment_id, student_id, course_id, enrollment_date) VALUES (212, 45, 'ENG101', '2023-07-21');
INSERT INTO Enrollments (enrollment_id, student_id, course_id, enrollment_date) VALUES (213, 45, 'CSE101', '2023-07-05');
INSERT INTO Enrollments (enrollment_id, student_id, course_id, enrollment_date) VALUES (214, 45, 'DBS301', '2023-07-16');
INSERT INTO Enrollments (enrollment_id, student_id, course_id, enrollment_date) VALUES (215, 46, 'CHE101', '2023-07-28');
INSERT INTO Enrollments (enrollment_id, student_id, course_id, enrollment_date) VALUES (216, 46, 'ENG101', '2023-07-04');
INSERT INTO Enrollments (enrollment_id, student_id, course_id, enrollment_date) VALUES (217, 46, 'STA201', '2023-07-28');
INSERT INTO Enrollments (enrollment_id, student_id, course_id, enrollment_date) VALUES (218, 47, 'PHY101', '2023-07-14');
INSERT INTO Enrollments (enrollment_id, student_id, course_id, enrollment_date) VALUES (219, 47, 'ENG101', '2023-07-28');
INSERT INTO Enrollments (enrollment_id, student_id, course_id, enrollment_date) VALUES (220, 47, 'ECO101', '2023-07-21');
INSERT INTO Enrollments (enrollment_id, student_id, course_id, enrollment_date) VALUES (221, 47, 'MAT101', '2023-07-05');
INSERT INTO Enrollments (enrollment_id, student_id, course_id, enrollment_date) VALUES (222, 47, 'STA201', '2023-07-03');
INSERT INTO Enrollments (enrollment_id, student_id, course_id, enrollment_date) VALUES (223, 47, 'HIS101', '2023-07-16');
INSERT INTO Enrollments (enrollment_id, student_id, course_id, enrollment_date) VALUES (224, 48, 'STA201', '2023-07-28');
INSERT INTO Enrollments (enrollment_id, student_id, course_id, enrollment_date) VALUES (225, 48, 'DBS301', '2023-07-22');
INSERT INTO Enrollments (enrollment_id, student_id, course_id, enrollment_date) VALUES (226, 48, 'PHY101', '2023-07-28');
INSERT INTO Enrollments (enrollment_id, student_id, course_id, enrollment_date) VALUES (227, 48, 'ENG101', '2023-07-18');
INSERT INTO Enrollments (enrollment_id, student_id, course_id, enrollment_date) VALUES (228, 48, 'CHE101', '2023-07-13');
INSERT INTO Enrollments (enrollment_id, student_id, course_id, enrollment_date) VALUES (229, 49, 'ECO101', '2023-07-08');
INSERT INTO Enrollments (enrollment_id, student_id, course_id, enrollment_date) VALUES (230, 49, 'ENG101', '2023-07-21');
INSERT INTO Enrollments (enrollment_id, student_id, course_id, enrollment_date) VALUES (231, 49, 'MAT101', '2023-07-22');
INSERT INTO Enrollments (enrollment_id, student_id, course_id, enrollment_date) VALUES (232, 49, 'CSE201', '2023-07-30');
INSERT INTO Enrollments (enrollment_id, student_id, course_id, enrollment_date) VALUES (233, 49, 'HIS101', '2023-07-10');
INSERT INTO Enrollments (enrollment_id, student_id, course_id, enrollment_date) VALUES (234, 50, 'PHY101', '2023-07-21');
INSERT INTO Enrollments (enrollment_id, student_id, course_id, enrollment_date) VALUES (235, 50, 'DBS301', '2023-07-23');
INSERT INTO Enrollments (enrollment_id, student_id, course_id, enrollment_date) VALUES (236, 50, 'HIS101', '2023-07-28');
INSERT INTO Enrollments (enrollment_id, student_id, course_id, enrollment_date) VALUES (237, 50, 'ENG101', '2023-07-04');
INSERT INTO Enrollments (enrollment_id, student_id, course_id, enrollment_date) VALUES (238, 51, 'CHE101', '2023-07-10');
INSERT INTO Enrollments (enrollment_id, student_id, course_id, enrollment_date) VALUES (239, 51, 'CSE201', '2023-07-12');
INSERT INTO Enrollments (enrollment_id, student_id, course_id, enrollment_date) VALUES (240, 51, 'MAT101', '2023-07-12');
INSERT INTO Enrollments (enrollment_id, student_id, course_id, enrollment_date) VALUES (241, 51, 'ECO101', '2023-07-14');
INSERT INTO Enrollments (enrollment_id, student_id, course_id, enrollment_date) VALUES (242, 51, 'HIS101', '2023-07-05');
INSERT INTO Enrollments (enrollment_id, student_id, course_id, enrollment_date) VALUES (243, 51, 'DBS301', '2023-07-08');
INSERT INTO Enrollments (enrollment_id, student_id, course_id, enrollment_date) VALUES (244, 52, 'HIS101', '2023-07-28');
INSERT INTO Enrollments (enrollment_id, student_id, course_id, enrollment_date) VALUES (245, 52, 'CHE101', '2023-07-13');
INSERT INTO Enrollments (enrollment_id, student_id, course_id, enrollment_date) VALUES (246, 52, 'ENG101', '2023-07-20');
INSERT INTO Enrollments (enrollment_id, student_id, course_id, enrollment_date) VALUES (247, 52, 'PHY101', '2023-07-22');
INSERT INTO Enrollments (enrollment_id, student_id, course_id, enrollment_date) VALUES (248, 52, 'MAT101', '2023-07-08');
INSERT INTO Enrollments (enrollment_id, student_id, course_id, enrollment_date) VALUES (249, 52, 'CSE201', '2023-07-16');
INSERT INTO Enrollments (enrollment_id, student_id, course_id, enrollment_date) VALUES (250, 53, 'CSE101', '2023-07-09');
INSERT INTO Enrollments (enrollment_id, student_id, course_id, enrollment_date) VALUES (251, 53, 'ECO101', '2023-07-22');
INSERT INTO Enrollments (enrollment_id, student_id, course_id, enrollment_date) VALUES (252, 53, 'CSE201', '2023-07-01');
INSERT INTO Enrollments (enrollment_id, student_id, course_id, enrollment_date) VALUES (253, 53, 'HIS101', '2023-07-29');
INSERT INTO Enrollments (enrollment_id, student_id, course_id, enrollment_date) VALUES (254, 54, 'CSE201', '2023-07-19');
INSERT INTO Enrollments (enrollment_id, student_id, course_id, enrollment_date) VALUES (255, 54, 'ENG101', '2023-07-10');
INSERT INTO Enrollments (enrollment_id, student_id, course_id, enrollment_date) VALUES (256, 54, 'CHE101', '2023-07-21');
INSERT INTO Enrollments (enrollment_id, student_id, course_id, enrollment_date) VALUES (257, 54, 'MAT101', '2023-07-31');
INSERT INTO Enrollments (enrollment_id, student_id, course_id, enrollment_date) VALUES (258, 54, 'CSE101', '2023-07-14');
INSERT INTO Enrollments (enrollment_id, student_id, course_id, enrollment_date) VALUES (259, 54, 'ECO101', '2023-07-23');
INSERT INTO Enrollments (enrollment_id, student_id, course_id, enrollment_date) VALUES (260, 55, 'ECO101', '2023-07-04');
INSERT INTO Enrollments (enrollment_id, student_id, course_id, enrollment_date) VALUES (261, 55, 'CSE201', '2023-07-08');
INSERT INTO Enrollments (enrollment_id, student_id, course_id, enrollment_date) VALUES (262, 55, 'CSE101', '2023-07-13');
INSERT INTO Enrollments (enrollment_id, student_id, course_id, enrollment_date) VALUES (263, 55, 'HIS101', '2023-07-19');
INSERT INTO Enrollments (enrollment_id, student_id, course_id, enrollment_date) VALUES (264, 55, 'DBS301', '2023-07-12');
INSERT INTO Enrollments (enrollment_id, student_id, course_id, enrollment_date) VALUES (265, 56, 'CSE201', '2023-07-19');
INSERT INTO Enrollments (enrollment_id, student_id, course_id, enrollment_date) VALUES (266, 56, 'MAT101', '2023-07-28');
INSERT INTO Enrollments (enrollment_id, student_id, course_id, enrollment_date) VALUES (267, 56, 'DBS301', '2023-07-22');
INSERT INTO Enrollments (enrollment_id, student_id, course_id, enrollment_date) VALUES (268, 56, 'CHE101', '2023-07-25');
INSERT INTO Enrollments (enrollment_id, student_id, course_id, enrollment_date) VALUES (269, 56, 'ENG101', '2023-07-24');
INSERT INTO Enrollments (enrollment_id, student_id, course_id, enrollment_date) VALUES (270, 57, 'HIS101', '2023-07-25');
INSERT INTO Enrollments (enrollment_id, student_id, course_id, enrollment_date) VALUES (271, 57, 'ECO101', '2023-07-26');
INSERT INTO Enrollments (enrollment_id, student_id, course_id, enrollment_date) VALUES (272, 57, 'CSE201', '2023-07-08');
INSERT INTO Enrollments (enrollment_id, student_id, course_id, enrollment_date) VALUES (273, 58, 'CSE101', '2023-07-25');
INSERT INTO Enrollments (enrollment_id, student_id, course_id, enrollment_date) VALUES (274, 58, 'HIS101', '2023-07-22');
INSERT INTO Enrollments (enrollment_id, student_id, course_id, enrollment_date) VALUES (275, 58, 'CSE201', '2023-07-22');
INSERT INTO Enrollments (enrollment_id, student_id, course_id, enrollment_date) VALUES (276, 58, 'STA201', '2023-07-27');
INSERT INTO Enrollments (enrollment_id, student_id, course_id, enrollment_date) VALUES (277, 58, 'DBS301', '2023-07-05');
INSERT INTO Enrollments (enrollment_id, student_id, course_id, enrollment_date) VALUES (278, 59, 'MAT101', '2023-07-02');
INSERT INTO Enrollments (enrollment_id, student_id, course_id, enrollment_date) VALUES (279, 59, 'CSE201', '2023-07-19');
INSERT INTO Enrollments (enrollment_id, student_id, course_id, enrollment_date) VALUES (280, 59, 'ECO101', '2023-07-12');
INSERT INTO Enrollments (enrollment_id, student_id, course_id, enrollment_date) VALUES (281, 60, 'PHY101', '2023-07-14');
INSERT INTO Enrollments (enrollment_id, student_id, course_id, enrollment_date) VALUES (282, 60, 'CSE201', '2023-07-06');
INSERT INTO Enrollments (enrollment_id, student_id, course_id, enrollment_date) VALUES (283, 60, 'STA201', '2023-07-07');
INSERT INTO Enrollments (enrollment_id, student_id, course_id, enrollment_date) VALUES (284, 60, 'ECO101', '2023-07-05');
INSERT INTO Enrollments (enrollment_id, student_id, course_id, enrollment_date) VALUES (285, 61, 'ENG101', '2023-07-09');
INSERT INTO Enrollments (enrollment_id, student_id, course_id, enrollment_date) VALUES (286, 61, 'HIS101', '2023-07-30');
INSERT INTO Enrollments (enrollment_id, student_id, course_id, enrollment_date) VALUES (287, 61, 'CSE201', '2023-07-27');
INSERT INTO Enrollments (enrollment_id, student_id, course_id, enrollment_date) VALUES (288, 61, 'DBS301', '2023-07-31');
INSERT INTO Enrollments (enrollment_id, student_id, course_id, enrollment_date) VALUES (289, 61, 'PHY101', '2023-07-16');
INSERT INTO Enrollments (enrollment_id, student_id, course_id, enrollment_date) VALUES (290, 62, 'STA201', '2023-07-25');
INSERT INTO Enrollments (enrollment_id, student_id, course_id, enrollment_date) VALUES (291, 62, 'PHY101', '2023-07-31');
INSERT INTO Enrollments (enrollment_id, student_id, course_id, enrollment_date) VALUES (292, 62, 'ECO101', '2023-07-08');
INSERT INTO Enrollments (enrollment_id, student_id, course_id, enrollment_date) VALUES (293, 62, 'MAT101', '2023-07-28');
INSERT INTO Enrollments (enrollment_id, student_id, course_id, enrollment_date) VALUES (294, 62, 'ENG101', '2023-07-22');
INSERT INTO Enrollments (enrollment_id, student_id, course_id, enrollment_date) VALUES (295, 63, 'ENG101', '2023-07-09');
INSERT INTO Enrollments (enrollment_id, student_id, course_id, enrollment_date) VALUES (296, 63, 'STA201', '2023-07-18');
INSERT INTO Enrollments (enrollment_id, student_id, course_id, enrollment_date) VALUES (297, 63, 'PHY101', '2023-07-04');
INSERT INTO Enrollments (enrollment_id, student_id, course_id, enrollment_date) VALUES (298, 63, 'DBS301', '2023-07-15');
INSERT INTO Enrollments (enrollment_id, student_id, course_id, enrollment_date) VALUES (299, 63, 'CSE101', '2023-07-12');
INSERT INTO Enrollments (enrollment_id, student_id, course_id, enrollment_date) VALUES (300, 63, 'MAT101', '2023-07-22');
INSERT INTO Enrollments (enrollment_id, student_id, course_id, enrollment_date) VALUES (301, 64, 'HIS101', '2023-07-08');
INSERT INTO Enrollments (enrollment_id, student_id, course_id, enrollment_date) VALUES (302, 64, 'DBS301', '2023-07-16');
INSERT INTO Enrollments (enrollment_id, student_id, course_id, enrollment_date) VALUES (303, 64, 'STA201', '2023-07-01');
INSERT INTO Enrollments (enrollment_id, student_id, course_id, enrollment_date) VALUES (304, 64, 'MAT101', '2023-07-20');
INSERT INTO Enrollments (enrollment_id, student_id, course_id, enrollment_date) VALUES (305, 64, 'ECO101', '2023-07-29');
INSERT INTO Enrollments (enrollment_id, student_id, course_id, enrollment_date) VALUES (306, 65, 'HIS101', '2023-07-30');
INSERT INTO Enrollments (enrollment_id, student_id, course_id, enrollment_date) VALUES (307, 65, 'CSE101', '2023-07-23');
INSERT INTO Enrollments (enrollment_id, student_id, course_id, enrollment_date) VALUES (308, 65, 'PHY101', '2023-07-10');
INSERT INTO Enrollments (enrollment_id, student_id, course_id, enrollment_date) VALUES (309, 65, 'STA201', '2023-07-21');
INSERT INTO Enrollments (enrollment_id, student_id, course_id, enrollment_date) VALUES (310, 65, 'ENG101', '2023-07-14');
INSERT INTO Enrollments (enrollment_id, student_id, course_id, enrollment_date) VALUES (311, 66, 'CHE101', '2023-07-10');
INSERT INTO Enrollments (enrollment_id, student_id, course_id, enrollment_date) VALUES (312, 66, 'MAT101', '2023-07-16');
INSERT INTO Enrollments (enrollment_id, student_id, course_id, enrollment_date) VALUES (313, 66, 'ENG101', '2023-07-04');
INSERT INTO Enrollments (enrollment_id, student_id, course_id, enrollment_date) VALUES (314, 67, 'CSE101', '2023-07-13');
INSERT INTO Enrollments (enrollment_id, student_id, course_id, enrollment_date) VALUES (315, 67, 'ENG101', '2023-07-15');
INSERT INTO Enrollments (enrollment_id, student_id, course_id, enrollment_date) VALUES (316, 67, 'CHE101', '2023-07-12');
INSERT INTO Enrollments (enrollment_id, student_id, course_id, enrollment_date) VALUES (317, 68, 'HIS101', '2023-07-20');
INSERT INTO Enrollments (enrollment_id, student_id, course_id, enrollment_date) VALUES (318, 68, 'CHE101', '2023-07-14');
INSERT INTO Enrollments (enrollment_id, student_id, course_id, enrollment_date) VALUES (319, 68, 'DBS301', '2023-07-31');
INSERT INTO Enrollments (enrollment_id, student_id, course_id, enrollment_date) VALUES (320, 68, 'STA201', '2023-07-31');
INSERT INTO Enrollments (enrollment_id, student_id, course_id, enrollment_date) VALUES (321, 68, 'MAT101', '2023-07-09');
INSERT INTO Enrollments (enrollment_id, student_id, course_id, enrollment_date) VALUES (322, 68, 'CSE101', '2023-07-02');
INSERT INTO Enrollments (enrollment_id, student_id, course_id, enrollment_date) VALUES (323, 69, 'CSE101', '2023-07-04');
INSERT INTO Enrollments (enrollment_id, student_id, course_id, enrollment_date) VALUES (324, 69, 'ECO101', '2023-07-22');
INSERT INTO Enrollments (enrollment_id, student_id, course_id, enrollment_date) VALUES (325, 69, 'ENG101', '2023-07-12');
INSERT INTO Enrollments (enrollment_id, student_id, course_id, enrollment_date) VALUES (326, 69, 'PHY101', '2023-07-18');
INSERT INTO Enrollments (enrollment_id, student_id, course_id, enrollment_date) VALUES (327, 69, 'CHE101', '2023-07-29');
INSERT INTO Enrollments (enrollment_id, student_id, course_id, enrollment_date) VALUES (328, 70, 'MAT101', '2023-07-31');
INSERT INTO Enrollments (enrollment_id, student_id, course_id, enrollment_date) VALUES (329, 70, 'DBS301', '2023-07-28');
INSERT INTO Enrollments (enrollment_id, student_id, course_id, enrollment_date) VALUES (330, 70, 'CSE201', '2023-07-27');
INSERT INTO Enrollments (enrollment_id, student_id, course_id, enrollment_date) VALUES (331, 70, 'PHY101', '2023-07-15');
INSERT INTO Enrollments (enrollment_id, student_id, course_id, enrollment_date) VALUES (332, 70, 'HIS101', '2023-07-03');
INSERT INTO Enrollments (enrollment_id, student_id, course_id, enrollment_date) VALUES (333, 71, 'HIS101', '2023-07-11');
INSERT INTO Enrollments (enrollment_id, student_id, course_id, enrollment_date) VALUES (334, 71, 'MAT101', '2023-07-08');
INSERT INTO Enrollments (enrollment_id, student_id, course_id, enrollment_date) VALUES (335, 71, 'ENG101', '2023-07-05');
INSERT INTO Enrollments (enrollment_id, student_id, course_id, enrollment_date) VALUES (336, 71, 'DBS301', '2023-07-26');
INSERT INTO Enrollments (enrollment_id, student_id, course_id, enrollment_date) VALUES (337, 72, 'PHY101', '2023-07-07');
INSERT INTO Enrollments (enrollment_id, student_id, course_id, enrollment_date) VALUES (338, 72, 'ENG101', '2023-07-27');
INSERT INTO Enrollments (enrollment_id, student_id, course_id, enrollment_date) VALUES (339, 72, 'CSE101', '2023-07-28');
INSERT INTO Enrollments (enrollment_id, student_id, course_id, enrollment_date) VALUES (340, 72, 'CSE201', '2023-07-08');
INSERT INTO Enrollments (enrollment_id, student_id, course_id, enrollment_date) VALUES (341, 73, 'CHE101', '2023-07-05');
INSERT INTO Enrollments (enrollment_id, student_id, course_id, enrollment_date) VALUES (342, 73, 'MAT101', '2023-07-18');
INSERT INTO Enrollments (enrollment_id, student_id, course_id, enrollment_date) VALUES (343, 73, 'CSE201', '2023-07-09');
INSERT INTO Enrollments (enrollment_id, student_id, course_id, enrollment_date) VALUES (344, 73, 'DBS301', '2023-07-26');
INSERT INTO Enrollments (enrollment_id, student_id, course_id, enrollment_date) VALUES (345, 73, 'PHY101', '2023-07-06');
INSERT INTO Enrollments (enrollment_id, student_id, course_id, enrollment_date) VALUES (346, 74, 'MAT101', '2023-07-12');
INSERT INTO Enrollments (enrollment_id, student_id, course_id, enrollment_date) VALUES (347, 74, 'CHE101', '2023-07-26');
INSERT INTO Enrollments (enrollment_id, student_id, course_id, enrollment_date) VALUES (348, 74, 'HIS101', '2023-07-26');
INSERT INTO Enrollments (enrollment_id, student_id, course_id, enrollment_date) VALUES (349, 75, 'HIS101', '2023-07-09');
INSERT INTO Enrollments (enrollment_id, student_id, course_id, enrollment_date) VALUES (350, 75, 'STA201', '2023-07-02');
INSERT INTO Enrollments (enrollment_id, student_id, course_id, enrollment_date) VALUES (351, 75, 'MAT101', '2023-07-05');
INSERT INTO Enrollments (enrollment_id, student_id, course_id, enrollment_date) VALUES (352, 75, 'PHY101', '2023-07-24');
INSERT INTO Enrollments (enrollment_id, student_id, course_id, enrollment_date) VALUES (353, 76, 'ENG101', '2023-07-17');
INSERT INTO Enrollments (enrollment_id, student_id, course_id, enrollment_date) VALUES (354, 76, 'PHY101', '2023-07-19');
INSERT INTO Enrollments (enrollment_id, student_id, course_id, enrollment_date) VALUES (355, 76, 'HIS101', '2023-07-04');
INSERT INTO Enrollments (enrollment_id, student_id, course_id, enrollment_date) VALUES (356, 76, 'CSE101', '2023-07-15');
INSERT INTO Enrollments (enrollment_id, student_id, course_id, enrollment_date) VALUES (357, 76, 'DBS301', '2023-07-17');
INSERT INTO Enrollments (enrollment_id, student_id, course_id, enrollment_date) VALUES (358, 76, 'CHE101', '2023-07-08');
INSERT INTO Enrollments (enrollment_id, student_id, course_id, enrollment_date) VALUES (359, 77, 'ENG101', '2023-07-21');
INSERT INTO Enrollments (enrollment_id, student_id, course_id, enrollment_date) VALUES (360, 77, 'CSE201', '2023-07-31');
INSERT INTO Enrollments (enrollment_id, student_id, course_id, enrollment_date) VALUES (361, 77, 'ECO101', '2023-07-01');
INSERT INTO Enrollments (enrollment_id, student_id, course_id, enrollment_date) VALUES (362, 78, 'ECO101', '2023-07-22');
INSERT INTO Enrollments (enrollment_id, student_id, course_id, enrollment_date) VALUES (363, 78, 'DBS301', '2023-07-04');
INSERT INTO Enrollments (enrollment_id, student_id, course_id, enrollment_date) VALUES (364, 78, 'ENG101', '2023-07-16');
INSERT INTO Enrollments (enrollment_id, student_id, course_id, enrollment_date) VALUES (365, 79, 'PHY101', '2023-07-05');
INSERT INTO Enrollments (enrollment_id, student_id, course_id, enrollment_date) VALUES (366, 79, 'HIS101', '2023-07-09');
INSERT INTO Enrollments (enrollment_id, student_id, course_id, enrollment_date) VALUES (367, 79, 'STA201', '2023-07-20');
INSERT INTO Enrollments (enrollment_id, student_id, course_id, enrollment_date) VALUES (368, 79, 'CSE201', '2023-07-21');
INSERT INTO Enrollments (enrollment_id, student_id, course_id, enrollment_date) VALUES (369, 79, 'ENG101', '2023-07-19');
INSERT INTO Enrollments (enrollment_id, student_id, course_id, enrollment_date) VALUES (370, 79, 'MAT101', '2023-07-18');
INSERT INTO Enrollments (enrollment_id, student_id, course_id, enrollment_date) VALUES (371, 80, 'DBS301', '2023-07-20');
INSERT INTO Enrollments (enrollment_id, student_id, course_id, enrollment_date) VALUES (372, 80, 'ENG101', '2023-07-14');
INSERT INTO Enrollments (enrollment_id, student_id, course_id, enrollment_date) VALUES (373, 80, 'CSE201', '2023-07-04');
INSERT INTO Enrollments (enrollment_id, student_id, course_id, enrollment_date) VALUES (374, 80, 'CSE101', '2023-07-26');
INSERT INTO Enrollments (enrollment_id, student_id, course_id, enrollment_date) VALUES (375, 80, 'ECO101', '2023-07-23');
INSERT INTO Enrollments (enrollment_id, student_id, course_id, enrollment_date) VALUES (376, 81, 'ENG101', '2023-07-15');
INSERT INTO Enrollments (enrollment_id, student_id, course_id, enrollment_date) VALUES (377, 81, 'CSE101', '2023-07-29');
INSERT INTO Enrollments (enrollment_id, student_id, course_id, enrollment_date) VALUES (378, 81, 'DBS301', '2023-07-08');
INSERT INTO Enrollments (enrollment_id, student_id, course_id, enrollment_date) VALUES (379, 82, 'STA201', '2023-07-11');
INSERT INTO Enrollments (enrollment_id, student_id, course_id, enrollment_date) VALUES (380, 82, 'ECO101', '2023-07-14');
INSERT INTO Enrollments (enrollment_id, student_id, course_id, enrollment_date) VALUES (381, 82, 'DBS301', '2023-07-11');
INSERT INTO Enrollments (enrollment_id, student_id, course_id, enrollment_date) VALUES (382, 82, 'CSE101', '2023-07-22');
INSERT INTO Enrollments (enrollment_id, student_id, course_id, enrollment_date) VALUES (383, 82, 'HIS101', '2023-07-09');
INSERT INTO Enrollments (enrollment_id, student_id, course_id, enrollment_date) VALUES (384, 82, 'MAT101', '2023-07-12');
INSERT INTO Enrollments (enrollment_id, student_id, course_id, enrollment_date) VALUES (385, 83, 'ECO101', '2023-07-03');
INSERT INTO Enrollments (enrollment_id, student_id, course_id, enrollment_date) VALUES (386, 83, 'PHY101', '2023-07-03');
INSERT INTO Enrollments (enrollment_id, student_id, course_id, enrollment_date) VALUES (387, 83, 'ENG101', '2023-07-14');
INSERT INTO Enrollments (enrollment_id, student_id, course_id, enrollment_date) VALUES (388, 83, 'DBS301', '2023-07-04');
INSERT INTO Enrollments (enrollment_id, student_id, course_id, enrollment_date) VALUES (389, 84, 'CHE101', '2023-07-18');
INSERT INTO Enrollments (enrollment_id, student_id, course_id, enrollment_date) VALUES (390, 84, 'ENG101', '2023-07-11');
INSERT INTO Enrollments (enrollment_id, student_id, course_id, enrollment_date) VALUES (391, 84, 'MAT101', '2023-07-22');
INSERT INTO Enrollments (enrollment_id, student_id, course_id, enrollment_date) VALUES (392, 84, 'CSE201', '2023-07-04');
INSERT INTO Enrollments (enrollment_id, student_id, course_id, enrollment_date) VALUES (393, 84, 'DBS301', '2023-07-14');
INSERT INTO Enrollments (enrollment_id, student_id, course_id, enrollment_date) VALUES (394, 85, 'DBS301', '2023-07-12');
INSERT INTO Enrollments (enrollment_id, student_id, course_id, enrollment_date) VALUES (395, 85, 'MAT101', '2023-07-04');
INSERT INTO Enrollments (enrollment_id, student_id, course_id, enrollment_date) VALUES (396, 85, 'CSE201', '2023-07-19');
INSERT INTO Enrollments (enrollment_id, student_id, course_id, enrollment_date) VALUES (397, 85, 'ECO101', '2023-07-17');
INSERT INTO Enrollments (enrollment_id, student_id, course_id, enrollment_date) VALUES (398, 85, 'CHE101', '2023-07-07');
INSERT INTO Enrollments (enrollment_id, student_id, course_id, enrollment_date) VALUES (399, 86, 'ECO101', '2023-07-28');
INSERT INTO Enrollments (enrollment_id, student_id, course_id, enrollment_date) VALUES (400, 86, 'CSE101', '2023-07-18');
INSERT INTO Enrollments (enrollment_id, student_id, course_id, enrollment_date) VALUES (401, 86, 'PHY101', '2023-07-12');
INSERT INTO Enrollments (enrollment_id, student_id, course_id, enrollment_date) VALUES (402, 86, 'CHE101', '2023-07-04');
INSERT INTO Enrollments (enrollment_id, student_id, course_id, enrollment_date) VALUES (403, 87, 'HIS101', '2023-07-25');
INSERT INTO Enrollments (enrollment_id, student_id, course_id, enrollment_date) VALUES (404, 87, 'CSE101', '2023-07-27');
INSERT INTO Enrollments (enrollment_id, student_id, course_id, enrollment_date) VALUES (405, 87, 'DBS301', '2023-07-20');
INSERT INTO Enrollments (enrollment_id, student_id, course_id, enrollment_date) VALUES (406, 87, 'ECO101', '2023-07-20');
INSERT INTO Enrollments (enrollment_id, student_id, course_id, enrollment_date) VALUES (407, 87, 'CSE201', '2023-07-22');
INSERT INTO Enrollments (enrollment_id, student_id, course_id, enrollment_date) VALUES (408, 88, 'HIS101', '2023-07-06');
INSERT INTO Enrollments (enrollment_id, student_id, course_id, enrollment_date) VALUES (409, 88, 'CSE201', '2023-07-09');
INSERT INTO Enrollments (enrollment_id, student_id, course_id, enrollment_date) VALUES (410, 88, 'MAT101', '2023-07-23');
INSERT INTO Enrollments (enrollment_id, student_id, course_id, enrollment_date) VALUES (411, 89, 'STA201', '2023-07-19');
INSERT INTO Enrollments (enrollment_id, student_id, course_id, enrollment_date) VALUES (412, 89, 'HIS101', '2023-07-22');
INSERT INTO Enrollments (enrollment_id, student_id, course_id, enrollment_date) VALUES (413, 89, 'MAT101', '2023-07-13');
INSERT INTO Enrollments (enrollment_id, student_id, course_id, enrollment_date) VALUES (414, 89, 'PHY101', '2023-07-03');
INSERT INTO Enrollments (enrollment_id, student_id, course_id, enrollment_date) VALUES (415, 89, 'DBS301', '2023-07-05');
INSERT INTO Enrollments (enrollment_id, student_id, course_id, enrollment_date) VALUES (416, 90, 'PHY101', '2023-07-13');
INSERT INTO Enrollments (enrollment_id, student_id, course_id, enrollment_date) VALUES (417, 90, 'ENG101', '2023-07-14');
INSERT INTO Enrollments (enrollment_id, student_id, course_id, enrollment_date) VALUES (418, 90, 'CSE101', '2023-07-15');
INSERT INTO Enrollments (enrollment_id, student_id, course_id, enrollment_date) VALUES (419, 91, 'CHE101', '2023-07-25');
INSERT INTO Enrollments (enrollment_id, student_id, course_id, enrollment_date) VALUES (420, 91, 'STA201', '2023-07-31');
INSERT INTO Enrollments (enrollment_id, student_id, course_id, enrollment_date) VALUES (421, 91, 'CSE201', '2023-07-19');
INSERT INTO Enrollments (enrollment_id, student_id, course_id, enrollment_date) VALUES (422, 91, 'ENG101', '2023-07-20');
INSERT INTO Enrollments (enrollment_id, student_id, course_id, enrollment_date) VALUES (423, 91, 'HIS101', '2023-07-03');
INSERT INTO Enrollments (enrollment_id, student_id, course_id, enrollment_date) VALUES (424, 92, 'CHE101', '2023-07-22');
INSERT INTO Enrollments (enrollment_id, student_id, course_id, enrollment_date) VALUES (425, 92, 'HIS101', '2023-07-03');
INSERT INTO Enrollments (enrollment_id, student_id, course_id, enrollment_date) VALUES (426, 92, 'MAT101', '2023-07-09');
INSERT INTO Enrollments (enrollment_id, student_id, course_id, enrollment_date) VALUES (427, 93, 'DBS301', '2023-07-25');
INSERT INTO Enrollments (enrollment_id, student_id, course_id, enrollment_date) VALUES (428, 93, 'ECO101', '2023-07-17');
INSERT INTO Enrollments (enrollment_id, student_id, course_id, enrollment_date) VALUES (429, 93, 'ENG101', '2023-07-04');
INSERT INTO Enrollments (enrollment_id, student_id, course_id, enrollment_date) VALUES (430, 93, 'CSE101', '2023-07-12');
INSERT INTO Enrollments (enrollment_id, student_id, course_id, enrollment_date) VALUES (431, 93, 'CHE101', '2023-07-14');
INSERT INTO Enrollments (enrollment_id, student_id, course_id, enrollment_date) VALUES (432, 93, 'PHY101', '2023-07-04');
INSERT INTO Enrollments (enrollment_id, student_id, course_id, enrollment_date) VALUES (433, 94, 'HIS101', '2023-07-13');
INSERT INTO Enrollments (enrollment_id, student_id, course_id, enrollment_date) VALUES (434, 94, 'ECO101', '2023-07-20');
INSERT INTO Enrollments (enrollment_id, student_id, course_id, enrollment_date) VALUES (435, 94, 'CSE201', '2023-07-02');
INSERT INTO Enrollments (enrollment_id, student_id, course_id, enrollment_date) VALUES (436, 94, 'MAT101', '2023-07-01');
INSERT INTO Enrollments (enrollment_id, student_id, course_id, enrollment_date) VALUES (437, 94, 'PHY101', '2023-07-07');
INSERT INTO Enrollments (enrollment_id, student_id, course_id, enrollment_date) VALUES (438, 95, 'CSE101', '2023-07-04');
INSERT INTO Enrollments (enrollment_id, student_id, course_id, enrollment_date) VALUES (439, 95, 'CHE101', '2023-07-01');
INSERT INTO Enrollments (enrollment_id, student_id, course_id, enrollment_date) VALUES (440, 95, 'CSE201', '2023-07-16');
INSERT INTO Enrollments (enrollment_id, student_id, course_id, enrollment_date) VALUES (441, 95, 'ENG101', '2023-07-24');
INSERT INTO Enrollments (enrollment_id, student_id, course_id, enrollment_date) VALUES (442, 95, 'DBS301', '2023-07-14');
INSERT INTO Enrollments (enrollment_id, student_id, course_id, enrollment_date) VALUES (443, 96, 'CHE101', '2023-07-18');
INSERT INTO Enrollments (enrollment_id, student_id, course_id, enrollment_date) VALUES (444, 96, 'DBS301', '2023-07-27');
INSERT INTO Enrollments (enrollment_id, student_id, course_id, enrollment_date) VALUES (445, 96, 'CSE101', '2023-07-22');
INSERT INTO Enrollments (enrollment_id, student_id, course_id, enrollment_date) VALUES (446, 96, 'CSE201', '2023-07-26');
INSERT INTO Enrollments (enrollment_id, student_id, course_id, enrollment_date) VALUES (447, 97, 'PHY101', '2023-07-15');
INSERT INTO Enrollments (enrollment_id, student_id, course_id, enrollment_date) VALUES (448, 97, 'DBS301', '2023-07-30');
INSERT INTO Enrollments (enrollment_id, student_id, course_id, enrollment_date) VALUES (449, 97, 'MAT101', '2023-07-03');
INSERT INTO Enrollments (enrollment_id, student_id, course_id, enrollment_date) VALUES (450, 97, 'CSE101', '2023-07-28');
INSERT INTO Enrollments (enrollment_id, student_id, course_id, enrollment_date) VALUES (451, 97, 'ECO101', '2023-07-11');
INSERT INTO Enrollments (enrollment_id, student_id, course_id, enrollment_date) VALUES (452, 98, 'HIS101', '2023-07-01');
INSERT INTO Enrollments (enrollment_id, student_id, course_id, enrollment_date) VALUES (453, 98, 'DBS301', '2023-07-31');
INSERT INTO Enrollments (enrollment_id, student_id, course_id, enrollment_date) VALUES (454, 98, 'ENG101', '2023-07-11');
INSERT INTO Enrollments (enrollment_id, student_id, course_id, enrollment_date) VALUES (455, 98, 'CHE101', '2023-07-06');
INSERT INTO Enrollments (enrollment_id, student_id, course_id, enrollment_date) VALUES (456, 98, 'MAT101', '2023-07-26');
INSERT INTO Enrollments (enrollment_id, student_id, course_id, enrollment_date) VALUES (457, 98, 'CSE101', '2023-07-31');
INSERT INTO Enrollments (enrollment_id, student_id, course_id, enrollment_date) VALUES (458, 99, 'STA201', '2023-07-14');
INSERT INTO Enrollments (enrollment_id, student_id, course_id, enrollment_date) VALUES (459, 99, 'PHY101', '2023-07-19');
INSERT INTO Enrollments (enrollment_id, student_id, course_id, enrollment_date) VALUES (460, 99, 'DBS301', '2023-07-13');
INSERT INTO Enrollments (enrollment_id, student_id, course_id, enrollment_date) VALUES (461, 99, 'ECO101', '2023-07-17');
INSERT INTO Enrollments (enrollment_id, student_id, course_id, enrollment_date) VALUES (462, 99, 'MAT101', '2023-07-03');
INSERT INTO Enrollments (enrollment_id, student_id, course_id, enrollment_date) VALUES (463, 99, 'ENG101', '2023-07-13');
INSERT INTO Enrollments (enrollment_id, student_id, course_id, enrollment_date) VALUES (464, 100, 'STA201', '2023-07-03');
INSERT INTO Enrollments (enrollment_id, student_id, course_id, enrollment_date) VALUES (465, 100, 'CSE101', '2023-07-17');
INSERT INTO Enrollments (enrollment_id, student_id, course_id, enrollment_date) VALUES (466, 100, 'HIS101', '2023-07-21');
INSERT INTO Enrollments (enrollment_id, student_id, course_id, enrollment_date) VALUES (467, 100, 'DBS301', '2023-07-04');
INSERT INTO Enrollments (enrollment_id, student_id, course_id, enrollment_date) VALUES (468, 100, 'PHY101', '2023-07-17');
INSERT INTO Enrollments (enrollment_id, student_id, course_id, enrollment_date) VALUES (469, 101, 'STA201', '2023-07-04');
INSERT INTO Enrollments (enrollment_id, student_id, course_id, enrollment_date) VALUES (470, 101, 'HIS101', '2023-07-05');
INSERT INTO Enrollments (enrollment_id, student_id, course_id, enrollment_date) VALUES (471, 101, 'CHE101', '2023-07-09');
INSERT INTO Enrollments (enrollment_id, student_id, course_id, enrollment_date) VALUES (472, 101, 'PHY101', '2023-07-07');
INSERT INTO Enrollments (enrollment_id, student_id, course_id, enrollment_date) VALUES (473, 102, 'HIS101', '2023-07-31');
INSERT INTO Enrollments (enrollment_id, student_id, course_id, enrollment_date) VALUES (474, 102, 'CHE101', '2023-07-25');
INSERT INTO Enrollments (enrollment_id, student_id, course_id, enrollment_date) VALUES (475, 102, 'PHY101', '2023-07-21');
INSERT INTO Enrollments (enrollment_id, student_id, course_id, enrollment_date) VALUES (476, 102, 'ECO101', '2023-07-16');
INSERT INTO Enrollments (enrollment_id, student_id, course_id, enrollment_date) VALUES (477, 103, 'HIS101', '2023-07-05');
INSERT INTO Enrollments (enrollment_id, student_id, course_id, enrollment_date) VALUES (478, 103, 'ECO101', '2023-07-15');
INSERT INTO Enrollments (enrollment_id, student_id, course_id, enrollment_date) VALUES (479, 103, 'STA201', '2023-07-03');
INSERT INTO Enrollments (enrollment_id, student_id, course_id, enrollment_date) VALUES (480, 103, 'DBS301', '2023-07-16');
INSERT INTO Enrollments (enrollment_id, student_id, course_id, enrollment_date) VALUES (481, 103, 'ENG101', '2023-07-15');
INSERT INTO Enrollments (enrollment_id, student_id, course_id, enrollment_date) VALUES (482, 103, 'CHE101', '2023-07-21');
INSERT INTO Enrollments (enrollment_id, student_id, course_id, enrollment_date) VALUES (483, 104, 'CSE201', '2023-07-10');
INSERT INTO Enrollments (enrollment_id, student_id, course_id, enrollment_date) VALUES (484, 104, 'MAT101', '2023-07-15');
INSERT INTO Enrollments (enrollment_id, student_id, course_id, enrollment_date) VALUES (485, 104, 'STA201', '2023-07-15');
INSERT INTO Enrollments (enrollment_id, student_id, course_id, enrollment_date) VALUES (486, 104, 'HIS101', '2023-07-02');
INSERT INTO Enrollments (enrollment_id, student_id, course_id, enrollment_date) VALUES (487, 104, 'ENG101', '2023-07-02');
INSERT INTO Enrollments (enrollment_id, student_id, course_id, enrollment_date) VALUES (488, 105, 'CSE201', '2023-07-17');
INSERT INTO Enrollments (enrollment_id, student_id, course_id, enrollment_date) VALUES (489, 105, 'PHY101', '2023-07-13');
INSERT INTO Enrollments (enrollment_id, student_id, course_id, enrollment_date) VALUES (490, 105, 'ENG101', '2023-07-15');
INSERT INTO Enrollments (enrollment_id, student_id, course_id, enrollment_date) VALUES (491, 105, 'HIS101', '2023-07-19');
INSERT INTO Enrollments (enrollment_id, student_id, course_id, enrollment_date) VALUES (492, 105, 'DBS301', '2023-07-18');
INSERT INTO Enrollments (enrollment_id, student_id, course_id, enrollment_date) VALUES (493, 106, 'ECO101', '2023-07-20');
INSERT INTO Enrollments (enrollment_id, student_id, course_id, enrollment_date) VALUES (494, 106, 'CSE101', '2023-07-16');
INSERT INTO Enrollments (enrollment_id, student_id, course_id, enrollment_date) VALUES (495, 106, 'STA201', '2023-07-17');
INSERT INTO Enrollments (enrollment_id, student_id, course_id, enrollment_date) VALUES (496, 107, 'MAT101', '2023-07-29');
INSERT INTO Enrollments (enrollment_id, student_id, course_id, enrollment_date) VALUES (497, 107, 'ECO101', '2023-07-27');
INSERT INTO Enrollments (enrollment_id, student_id, course_id, enrollment_date) VALUES (498, 107, 'PHY101', '2023-07-11');
INSERT INTO Enrollments (enrollment_id, student_id, course_id, enrollment_date) VALUES (499, 107, 'DBS301', '2023-07-23');
INSERT INTO Enrollments (enrollment_id, student_id, course_id, enrollment_date) VALUES (500, 108, 'ENG101', '2023-07-08');
INSERT INTO Enrollments (enrollment_id, student_id, course_id, enrollment_date) VALUES (501, 108, 'CHE101', '2023-07-23');
INSERT INTO Enrollments (enrollment_id, student_id, course_id, enrollment_date) VALUES (502, 108, 'MAT101', '2023-07-15');
INSERT INTO Enrollments (enrollment_id, student_id, course_id, enrollment_date) VALUES (503, 109, 'ENG101', '2023-07-13');
INSERT INTO Enrollments (enrollment_id, student_id, course_id, enrollment_date) VALUES (504, 109, 'HIS101', '2023-07-14');
INSERT INTO Enrollments (enrollment_id, student_id, course_id, enrollment_date) VALUES (505, 109, 'CHE101', '2023-07-25');
INSERT INTO Enrollments (enrollment_id, student_id, course_id, enrollment_date) VALUES (506, 109, 'ECO101', '2023-07-11');
INSERT INTO Enrollments (enrollment_id, student_id, course_id, enrollment_date) VALUES (507, 109, 'DBS301', '2023-07-22');
INSERT INTO Enrollments (enrollment_id, student_id, course_id, enrollment_date) VALUES (508, 109, 'STA201', '2023-07-20');
INSERT INTO Enrollments (enrollment_id, student_id, course_id, enrollment_date) VALUES (509, 110, 'STA201', '2023-07-04');
INSERT INTO Enrollments (enrollment_id, student_id, course_id, enrollment_date) VALUES (510, 110, 'PHY101', '2023-07-18');
INSERT INTO Enrollments (enrollment_id, student_id, course_id, enrollment_date) VALUES (511, 110, 'HIS101', '2023-07-22');
INSERT INTO Enrollments (enrollment_id, student_id, course_id, enrollment_date) VALUES (512, 111, 'CSE201', '2023-07-22');
INSERT INTO Enrollments (enrollment_id, student_id, course_id, enrollment_date) VALUES (513, 111, 'HIS101', '2023-07-05');
INSERT INTO Enrollments (enrollment_id, student_id, course_id, enrollment_date) VALUES (514, 111, 'CHE101', '2023-07-30');
INSERT INTO Enrollments (enrollment_id, student_id, course_id, enrollment_date) VALUES (515, 111, 'ECO101', '2023-07-12');
INSERT INTO Enrollments (enrollment_id, student_id, course_id, enrollment_date) VALUES (516, 111, 'MAT101', '2023-07-10');
INSERT INTO Enrollments (enrollment_id, student_id, course_id, enrollment_date) VALUES (517, 111, 'ENG101', '2023-07-31');
INSERT INTO Enrollments (enrollment_id, student_id, course_id, enrollment_date) VALUES (518, 112, 'CHE101', '2023-07-27');
INSERT INTO Enrollments (enrollment_id, student_id, course_id, enrollment_date) VALUES (519, 112, 'PHY101', '2023-07-05');
INSERT INTO Enrollments (enrollment_id, student_id, course_id, enrollment_date) VALUES (520, 112, 'CSE201', '2023-07-22');
INSERT INTO Enrollments (enrollment_id, student_id, course_id, enrollment_date) VALUES (521, 112, 'ECO101', '2023-07-23');
INSERT INTO Enrollments (enrollment_id, student_id, course_id, enrollment_date) VALUES (522, 112, 'CSE101', '2023-07-27');
INSERT INTO Enrollments (enrollment_id, student_id, course_id, enrollment_date) VALUES (523, 112, 'HIS101', '2023-07-31');
INSERT INTO Enrollments (enrollment_id, student_id, course_id, enrollment_date) VALUES (524, 113, 'DBS301', '2023-07-01');
INSERT INTO Enrollments (enrollment_id, student_id, course_id, enrollment_date) VALUES (525, 113, 'ENG101', '2023-07-12');
INSERT INTO Enrollments (enrollment_id, student_id, course_id, enrollment_date) VALUES (526, 113, 'STA201', '2023-07-10');
INSERT INTO Enrollments (enrollment_id, student_id, course_id, enrollment_date) VALUES (527, 114, 'CSE101', '2023-07-08');
INSERT INTO Enrollments (enrollment_id, student_id, course_id, enrollment_date) VALUES (528, 114, 'STA201', '2023-07-05');
INSERT INTO Enrollments (enrollment_id, student_id, course_id, enrollment_date) VALUES (529, 114, 'ECO101', '2023-07-05');
INSERT INTO Enrollments (enrollment_id, student_id, course_id, enrollment_date) VALUES (530, 114, 'PHY101', '2023-07-03');
INSERT INTO Enrollments (enrollment_id, student_id, course_id, enrollment_date) VALUES (531, 115, 'PHY101', '2023-07-29');
INSERT INTO Enrollments (enrollment_id, student_id, course_id, enrollment_date) VALUES (532, 115, 'ENG101', '2023-07-25');
INSERT INTO Enrollments (enrollment_id, student_id, course_id, enrollment_date) VALUES (533, 115, 'MAT101', '2023-07-20');
INSERT INTO Enrollments (enrollment_id, student_id, course_id, enrollment_date) VALUES (534, 115, 'STA201', '2023-07-05');
INSERT INTO Enrollments (enrollment_id, student_id, course_id, enrollment_date) VALUES (535, 115, 'CHE101', '2023-07-20');
INSERT INTO Enrollments (enrollment_id, student_id, course_id, enrollment_date) VALUES (536, 116, 'CHE101', '2023-07-26');
INSERT INTO Enrollments (enrollment_id, student_id, course_id, enrollment_date) VALUES (537, 116, 'HIS101', '2023-07-29');
INSERT INTO Enrollments (enrollment_id, student_id, course_id, enrollment_date) VALUES (538, 116, 'ENG101', '2023-07-06');
INSERT INTO Enrollments (enrollment_id, student_id, course_id, enrollment_date) VALUES (539, 116, 'DBS301', '2023-07-24');
INSERT INTO Enrollments (enrollment_id, student_id, course_id, enrollment_date) VALUES (540, 116, 'STA201', '2023-07-15');
INSERT INTO Enrollments (enrollment_id, student_id, course_id, enrollment_date) VALUES (541, 116, 'CSE201', '2023-07-02');
INSERT INTO Enrollments (enrollment_id, student_id, course_id, enrollment_date) VALUES (542, 117, 'STA201', '2023-07-08');
INSERT INTO Enrollments (enrollment_id, student_id, course_id, enrollment_date) VALUES (543, 117, 'CSE101', '2023-07-18');
INSERT INTO Enrollments (enrollment_id, student_id, course_id, enrollment_date) VALUES (544, 117, 'ECO101', '2023-07-08');
INSERT INTO Enrollments (enrollment_id, student_id, course_id, enrollment_date) VALUES (545, 117, 'CSE201', '2023-07-10');
INSERT INTO Enrollments (enrollment_id, student_id, course_id, enrollment_date) VALUES (546, 117, 'CHE101', '2023-07-31');
INSERT INTO Enrollments (enrollment_id, student_id, course_id, enrollment_date) VALUES (547, 117, 'ENG101', '2023-07-26');
INSERT INTO Enrollments (enrollment_id, student_id, course_id, enrollment_date) VALUES (548, 118, 'CSE101', '2023-07-17');
INSERT INTO Enrollments (enrollment_id, student_id, course_id, enrollment_date) VALUES (549, 118, 'STA201', '2023-07-17');
INSERT INTO Enrollments (enrollment_id, student_id, course_id, enrollment_date) VALUES (550, 118, 'ECO101', '2023-07-14');
INSERT INTO Enrollments (enrollment_id, student_id, course_id, enrollment_date) VALUES (551, 118, 'HIS101', '2023-07-31');
INSERT INTO Enrollments (enrollment_id, student_id, course_id, enrollment_date) VALUES (552, 118, 'CHE101', '2023-07-06');
INSERT INTO Enrollments (enrollment_id, student_id, course_id, enrollment_date) VALUES (553, 118, 'DBS301', '2023-07-27');
INSERT INTO Enrollments (enrollment_id, student_id, course_id, enrollment_date) VALUES (554, 119, 'HIS101', '2023-07-21');
INSERT INTO Enrollments (enrollment_id, student_id, course_id, enrollment_date) VALUES (555, 119, 'CHE101', '2023-07-16');
INSERT INTO Enrollments (enrollment_id, student_id, course_id, enrollment_date) VALUES (556, 119, 'CSE201', '2023-07-28');
INSERT INTO Enrollments (enrollment_id, student_id, course_id, enrollment_date) VALUES (557, 119, 'MAT101', '2023-07-12');
INSERT INTO Enrollments (enrollment_id, student_id, course_id, enrollment_date) VALUES (558, 120, 'ENG101', '2023-07-03');
INSERT INTO Enrollments (enrollment_id, student_id, course_id, enrollment_date) VALUES (559, 120, 'PHY101', '2023-07-25');
INSERT INTO Enrollments (enrollment_id, student_id, course_id, enrollment_date) VALUES (560, 120, 'CSE201', '2023-07-06');

INSERT INTO Grades (grade_id, enrollment_id, grade) VALUES (1.0, 1.0, 83.0);
INSERT INTO Grades (grade_id, enrollment_id, grade) VALUES (2.0, 2.0, 76.6);
INSERT INTO Grades (grade_id, enrollment_id, grade) VALUES (3.0, 3.0, 84.5);
INSERT INTO Grades (grade_id, enrollment_id, grade) VALUES (4.0, 4.0, 93.2);
INSERT INTO Grades (grade_id, enrollment_id, grade) VALUES (5.0, 5.0, 75.7);
INSERT INTO Grades (grade_id, enrollment_id, grade) VALUES (6.0, 6.0, 75.7);
INSERT INTO Grades (grade_id, enrollment_id, grade) VALUES (7.0, 7.0, 93.8);
INSERT INTO Grades (grade_id, enrollment_id, grade) VALUES (8.0, 8.0, 85.7);
INSERT INTO Grades (grade_id, enrollment_id, grade) VALUES (9.0, 9.0, 73.3);
INSERT INTO Grades (grade_id, enrollment_id, grade) VALUES (10.0, 10.0, 83.4);
INSERT INTO Grades (grade_id, enrollment_id, grade) VALUES (11.0, 11.0, 73.4);
INSERT INTO Grades (grade_id, enrollment_id, grade) VALUES (12.0, 12.0, 73.3);
INSERT INTO Grades (grade_id, enrollment_id, grade) VALUES (13.0, 13.0, 80.4);
INSERT INTO Grades (grade_id, enrollment_id, grade) VALUES (14.0, 14.0, 58.9);
INSERT INTO Grades (grade_id, enrollment_id, grade) VALUES (15.0, 15.0, 60.8);
INSERT INTO Grades (grade_id, enrollment_id, grade) VALUES (16.0, 16.0, 72.4);
INSERT INTO Grades (grade_id, enrollment_id, grade) VALUES (17.0, 17.0, 67.9);
INSERT INTO Grades (grade_id, enrollment_id, grade) VALUES (18.0, 18.0, 81.1);
INSERT INTO Grades (grade_id, enrollment_id, grade) VALUES (19.0, 19.0, 68.9);
INSERT INTO Grades (grade_id, enrollment_id, grade) VALUES (20.0, 20.0, 63.9);
INSERT INTO Grades (grade_id, enrollment_id, grade) VALUES (21.0, 21.0, 92.7);
INSERT INTO Grades (grade_id, enrollment_id, grade) VALUES (22.0, 22.0, 75.7);
INSERT INTO Grades (grade_id, enrollment_id, grade) VALUES (23.0, 23.0, 78.7);
INSERT INTO Grades (grade_id, enrollment_id, grade) VALUES (24.0, 24.0, 63.8);
INSERT INTO Grades (grade_id, enrollment_id, grade) VALUES (25.0, 25.0, 72.6);
INSERT INTO Grades (grade_id, enrollment_id, grade) VALUES (26.0, 26.0, 79.1);
INSERT INTO Grades (grade_id, enrollment_id, grade) VALUES (27.0, 27.0, 66.5);
INSERT INTO Grades (grade_id, enrollment_id, grade) VALUES (28.0, 28.0, 81.8);
INSERT INTO Grades (grade_id, enrollment_id, grade) VALUES (29.0, 29.0, 72.0);
INSERT INTO Grades (grade_id, enrollment_id, grade) VALUES (30.0, 30.0, 75.1);
INSERT INTO Grades (grade_id, enrollment_id, grade) VALUES (31.0, 31.0, 72.0);
INSERT INTO Grades (grade_id, enrollment_id, grade) VALUES (32.0, 32.0, 96.5);
INSERT INTO Grades (grade_id, enrollment_id, grade) VALUES (33.0, 33.0, 77.9);
INSERT INTO Grades (grade_id, enrollment_id, grade) VALUES (34.0, 34.0, 67.4);
INSERT INTO Grades (grade_id, enrollment_id, grade) VALUES (35.0, 35.0, 86.2);
INSERT INTO Grades (grade_id, enrollment_id, grade) VALUES (36.0, 36.0, 65.8);
INSERT INTO Grades (grade_id, enrollment_id, grade) VALUES (37.0, 37.0, 80.1);
INSERT INTO Grades (grade_id, enrollment_id, grade) VALUES (38.0, 38.0, 58.4);
INSERT INTO Grades (grade_id, enrollment_id, grade) VALUES (39.0, 39.0, 64.7);
INSERT INTO Grades (grade_id, enrollment_id, grade) VALUES (40.0, 40.0, 80.0);
INSERT INTO Grades (grade_id, enrollment_id, grade) VALUES (41.0, 41.0, 85.4);
INSERT INTO Grades (grade_id, enrollment_id, grade) VALUES (42.0, 42.0, 79.7);
INSERT INTO Grades (grade_id, enrollment_id, grade) VALUES (43.0, 43.0, 76.8);
INSERT INTO Grades (grade_id, enrollment_id, grade) VALUES (44.0, 44.0, 75.0);
INSERT INTO Grades (grade_id, enrollment_id, grade) VALUES (45.0, 45.0, 63.2);
INSERT INTO Grades (grade_id, enrollment_id, grade) VALUES (46.0, 46.0, 70.8);
INSERT INTO Grades (grade_id, enrollment_id, grade) VALUES (47.0, 47.0, 73.4);
INSERT INTO Grades (grade_id, enrollment_id, grade) VALUES (48.0, 48.0, 88.6);
INSERT INTO Grades (grade_id, enrollment_id, grade) VALUES (49.0, 49.0, 81.4);
INSERT INTO Grades (grade_id, enrollment_id, grade) VALUES (50.0, 50.0, 60.4);
INSERT INTO Grades (grade_id, enrollment_id, grade) VALUES (51.0, 51.0, 81.2);
INSERT INTO Grades (grade_id, enrollment_id, grade) VALUES (52.0, 52.0, 74.1);
INSERT INTO Grades (grade_id, enrollment_id, grade) VALUES (53.0, 53.0, 71.2);
INSERT INTO Grades (grade_id, enrollment_id, grade) VALUES (54.0, 54.0, 84.1);
INSERT INTO Grades (grade_id, enrollment_id, grade) VALUES (55.0, 55.0, 88.3);
INSERT INTO Grades (grade_id, enrollment_id, grade) VALUES (56.0, 56.0, 87.3);
INSERT INTO Grades (grade_id, enrollment_id, grade) VALUES (57.0, 57.0, 69.6);
INSERT INTO Grades (grade_id, enrollment_id, grade) VALUES (58.0, 58.0, 74.9);
INSERT INTO Grades (grade_id, enrollment_id, grade) VALUES (59.0, 59.0, 81.3);
INSERT INTO Grades (grade_id, enrollment_id, grade) VALUES (60.0, 60.0, 87.8);
INSERT INTO Grades (grade_id, enrollment_id, grade) VALUES (61.0, 61.0, 73.2);
INSERT INTO Grades (grade_id, enrollment_id, grade) VALUES (62.0, 62.0, 76.1);
INSERT INTO Grades (grade_id, enrollment_id, grade) VALUES (63.0, 63.0, 66.9);
INSERT INTO Grades (grade_id, enrollment_id, grade) VALUES (64.0, 64.0, 66.0);
INSERT INTO Grades (grade_id, enrollment_id, grade) VALUES (65.0, 65.0, 86.1);
INSERT INTO Grades (grade_id, enrollment_id, grade) VALUES (66.0, 66.0, 91.6);
INSERT INTO Grades (grade_id, enrollment_id, grade) VALUES (67.0, 67.0, 77.3);
INSERT INTO Grades (grade_id, enrollment_id, grade) VALUES (68.0, 68.0, 88.0);
INSERT INTO Grades (grade_id, enrollment_id, grade) VALUES (69.0, 69.0, 81.6);
INSERT INTO Grades (grade_id, enrollment_id, grade) VALUES (70.0, 70.0, 71.5);
INSERT INTO Grades (grade_id, enrollment_id, grade) VALUES (71.0, 71.0, 81.6);
INSERT INTO Grades (grade_id, enrollment_id, grade) VALUES (72.0, 72.0, 93.4);
INSERT INTO Grades (grade_id, enrollment_id, grade) VALUES (73.0, 73.0, 77.6);
INSERT INTO Grades (grade_id, enrollment_id, grade) VALUES (74.0, 74.0, 93.6);
INSERT INTO Grades (grade_id, enrollment_id, grade) VALUES (75.0, 75.0, 51.8);
INSERT INTO Grades (grade_id, enrollment_id, grade) VALUES (76.0, 76.0, 86.2);
INSERT INTO Grades (grade_id, enrollment_id, grade) VALUES (77.0, 77.0, 78.9);
INSERT INTO Grades (grade_id, enrollment_id, grade) VALUES (78.0, 78.0, 75.0);
INSERT INTO Grades (grade_id, enrollment_id, grade) VALUES (79.0, 79.0, 78.9);
INSERT INTO Grades (grade_id, enrollment_id, grade) VALUES (80.0, 80.0, 58.1);
INSERT INTO Grades (grade_id, enrollment_id, grade) VALUES (81.0, 81.0, 75.8);
INSERT INTO Grades (grade_id, enrollment_id, grade) VALUES (82.0, 82.0, 81.6);
INSERT INTO Grades (grade_id, enrollment_id, grade) VALUES (83.0, 83.0, 92.8);
INSERT INTO Grades (grade_id, enrollment_id, grade) VALUES (84.0, 84.0, 72.8);
INSERT INTO Grades (grade_id, enrollment_id, grade) VALUES (85.0, 85.0, 69.9);
INSERT INTO Grades (grade_id, enrollment_id, grade) VALUES (86.0, 86.0, 73.0);
INSERT INTO Grades (grade_id, enrollment_id, grade) VALUES (87.0, 87.0, 87.2);
INSERT INTO Grades (grade_id, enrollment_id, grade) VALUES (88.0, 88.0, 81.3);
INSERT INTO Grades (grade_id, enrollment_id, grade) VALUES (89.0, 89.0, 72.7);
INSERT INTO Grades (grade_id, enrollment_id, grade) VALUES (90.0, 90.0, 83.1);
INSERT INTO Grades (grade_id, enrollment_id, grade) VALUES (91.0, 91.0, 79.0);
INSERT INTO Grades (grade_id, enrollment_id, grade) VALUES (92.0, 92.0, 87.7);
INSERT INTO Grades (grade_id, enrollment_id, grade) VALUES (93.0, 93.0, 71.0);
INSERT INTO Grades (grade_id, enrollment_id, grade) VALUES (94.0, 94.0, 74.7);
INSERT INTO Grades (grade_id, enrollment_id, grade) VALUES (95.0, 95.0, 74.1);
INSERT INTO Grades (grade_id, enrollment_id, grade) VALUES (96.0, 96.0, 63.4);
INSERT INTO Grades (grade_id, enrollment_id, grade) VALUES (97.0, 97.0, 81.0);
INSERT INTO Grades (grade_id, enrollment_id, grade) VALUES (98.0, 98.0, 80.6);
INSERT INTO Grades (grade_id, enrollment_id, grade) VALUES (99.0, 99.0, 78.1);
INSERT INTO Grades (grade_id, enrollment_id, grade) VALUES (100.0, 100.0, 75.7);
INSERT INTO Grades (grade_id, enrollment_id, grade) VALUES (101.0, 101.0, 63.8);
INSERT INTO Grades (grade_id, enrollment_id, grade) VALUES (102.0, 102.0, 73.8);
INSERT INTO Grades (grade_id, enrollment_id, grade) VALUES (103.0, 103.0, 74.6);
INSERT INTO Grades (grade_id, enrollment_id, grade) VALUES (104.0, 104.0, 70.0);
INSERT INTO Grades (grade_id, enrollment_id, grade) VALUES (105.0, 105.0, 76.4);
INSERT INTO Grades (grade_id, enrollment_id, grade) VALUES (106.0, 106.0, 82.0);
INSERT INTO Grades (grade_id, enrollment_id, grade) VALUES (107.0, 107.0, 96.9);
INSERT INTO Grades (grade_id, enrollment_id, grade) VALUES (108.0, 108.0, 79.7);
INSERT INTO Grades (grade_id, enrollment_id, grade) VALUES (109.0, 109.0, 80.6);
INSERT INTO Grades (grade_id, enrollment_id, grade) VALUES (110.0, 110.0, 77.3);
INSERT INTO Grades (grade_id, enrollment_id, grade) VALUES (111.0, 111.0, 58.8);
INSERT INTO Grades (grade_id, enrollment_id, grade) VALUES (112.0, 112.0, 77.7);
INSERT INTO Grades (grade_id, enrollment_id, grade) VALUES (113.0, 113.0, 78.6);
INSERT INTO Grades (grade_id, enrollment_id, grade) VALUES (114.0, 114.0, 100.0);
INSERT INTO Grades (grade_id, enrollment_id, grade) VALUES (115.0, 115.0, 76.1);
INSERT INTO Grades (grade_id, enrollment_id, grade) VALUES (116.0, 116.0, 81.0);
INSERT INTO Grades (grade_id, enrollment_id, grade) VALUES (117.0, 117.0, 77.7);
INSERT INTO Grades (grade_id, enrollment_id, grade) VALUES (118.0, 118.0, 66.3);
INSERT INTO Grades (grade_id, enrollment_id, grade) VALUES (119.0, 119.0, 89.4);
INSERT INTO Grades (grade_id, enrollment_id, grade) VALUES (120.0, 120.0, 85.5);
INSERT INTO Grades (grade_id, enrollment_id, grade) VALUES (121.0, 121.0, 85.9);
INSERT INTO Grades (grade_id, enrollment_id, grade) VALUES (122.0, 122.0, 68.9);
INSERT INTO Grades (grade_id, enrollment_id, grade) VALUES (123.0, 123.0, 92.0);
INSERT INTO Grades (grade_id, enrollment_id, grade) VALUES (124.0, 124.0, 64.0);
INSERT INTO Grades (grade_id, enrollment_id, grade) VALUES (125.0, 125.0, 83.9);
INSERT INTO Grades (grade_id, enrollment_id, grade) VALUES (126.0, 126.0, 99.9);
INSERT INTO Grades (grade_id, enrollment_id, grade) VALUES (127.0, 127.0, 68.1);
INSERT INTO Grades (grade_id, enrollment_id, grade) VALUES (128.0, 128.0, 72.3);
INSERT INTO Grades (grade_id, enrollment_id, grade) VALUES (129.0, 129.0, 79.0);
INSERT INTO Grades (grade_id, enrollment_id, grade) VALUES (130.0, 130.0, 73.0);
INSERT INTO Grades (grade_id, enrollment_id, grade) VALUES (131.0, 131.0, 62.5);
INSERT INTO Grades (grade_id, enrollment_id, grade) VALUES (132.0, 132.0, 78.7);
INSERT INTO Grades (grade_id, enrollment_id, grade) VALUES (133.0, 133.0, 67.4);
INSERT INTO Grades (grade_id, enrollment_id, grade) VALUES (134.0, 134.0, 82.7);
INSERT INTO Grades (grade_id, enrollment_id, grade) VALUES (135.0, 135.0, 68.8);
INSERT INTO Grades (grade_id, enrollment_id, grade) VALUES (136.0, 136.0, 93.5);
INSERT INTO Grades (grade_id, enrollment_id, grade) VALUES (137.0, 137.0, 70.2);
INSERT INTO Grades (grade_id, enrollment_id, grade) VALUES (138.0, 138.0, 74.8);
INSERT INTO Grades (grade_id, enrollment_id, grade) VALUES (139.0, 139.0, 86.1);
INSERT INTO Grades (grade_id, enrollment_id, grade) VALUES (140.0, 140.0, 65.7);
INSERT INTO Grades (grade_id, enrollment_id, grade) VALUES (141.0, 141.0, 80.3);
INSERT INTO Grades (grade_id, enrollment_id, grade) VALUES (142.0, 142.0, 91.1);
INSERT INTO Grades (grade_id, enrollment_id, grade) VALUES (143.0, 143.0, 61.9);
INSERT INTO Grades (grade_id, enrollment_id, grade) VALUES (144.0, 144.0, 79.8);
INSERT INTO Grades (grade_id, enrollment_id, grade) VALUES (145.0, 145.0, 80.6);
INSERT INTO Grades (grade_id, enrollment_id, grade) VALUES (146.0, 146.0, 85.8);
INSERT INTO Grades (grade_id, enrollment_id, grade) VALUES (147.0, 147.0, 65.6);
INSERT INTO Grades (grade_id, enrollment_id, grade) VALUES (148.0, 148.0, 64.8);
INSERT INTO Grades (grade_id, enrollment_id, grade) VALUES (149.0, 149.0, 83.2);
INSERT INTO Grades (grade_id, enrollment_id, grade) VALUES (150.0, 150.0, 81.0);
INSERT INTO Grades (grade_id, enrollment_id, grade) VALUES (151.0, 151.0, 80.5);
INSERT INTO Grades (grade_id, enrollment_id, grade) VALUES (152.0, 152.0, 81.5);
INSERT INTO Grades (grade_id, enrollment_id, grade) VALUES (153.0, 153.0, 71.2);
INSERT INTO Grades (grade_id, enrollment_id, grade) VALUES (154.0, 154.0, 80.3);
INSERT INTO Grades (grade_id, enrollment_id, grade) VALUES (155.0, 155.0, 80.9);
INSERT INTO Grades (grade_id, enrollment_id, grade) VALUES (156.0, 156.0, 70.9);
INSERT INTO Grades (grade_id, enrollment_id, grade) VALUES (157.0, 157.0, 96.7);
INSERT INTO Grades (grade_id, enrollment_id, grade) VALUES (158.0, 158.0, 82.7);
INSERT INTO Grades (grade_id, enrollment_id, grade) VALUES (159.0, 159.0, 66.1);
INSERT INTO Grades (grade_id, enrollment_id, grade) VALUES (160.0, 160.0, 84.6);
INSERT INTO Grades (grade_id, enrollment_id, grade) VALUES (161.0, 161.0, 68.3);
INSERT INTO Grades (grade_id, enrollment_id, grade) VALUES (162.0, 162.0, 85.9);
INSERT INTO Grades (grade_id, enrollment_id, grade) VALUES (163.0, 163.0, 89.6);
INSERT INTO Grades (grade_id, enrollment_id, grade) VALUES (164.0, 164.0, 69.8);
INSERT INTO Grades (grade_id, enrollment_id, grade) VALUES (165.0, 165.0, 87.6);
INSERT INTO Grades (grade_id, enrollment_id, grade) VALUES (166.0, 166.0, 82.1);
INSERT INTO Grades (grade_id, enrollment_id, grade) VALUES (167.0, 167.0, 86.2);
INSERT INTO Grades (grade_id, enrollment_id, grade) VALUES (168.0, 168.0, 97.0);
INSERT INTO Grades (grade_id, enrollment_id, grade) VALUES (169.0, 169.0, 75.5);
INSERT INTO Grades (grade_id, enrollment_id, grade) VALUES (170.0, 170.0, 70.5);
INSERT INTO Grades (grade_id, enrollment_id, grade) VALUES (171.0, 171.0, 69.1);
INSERT INTO Grades (grade_id, enrollment_id, grade) VALUES (172.0, 172.0, 69.8);
INSERT INTO Grades (grade_id, enrollment_id, grade) VALUES (173.0, 173.0, 77.2);
INSERT INTO Grades (grade_id, enrollment_id, grade) VALUES (174.0, 174.0, 81.4);
INSERT INTO Grades (grade_id, enrollment_id, grade) VALUES (175.0, 175.0, 80.8);
INSERT INTO Grades (grade_id, enrollment_id, grade) VALUES (176.0, 176.0, 86.3);
INSERT INTO Grades (grade_id, enrollment_id, grade) VALUES (177.0, 177.0, 78.1);
INSERT INTO Grades (grade_id, enrollment_id, grade) VALUES (178.0, 178.0, 92.5);
INSERT INTO Grades (grade_id, enrollment_id, grade) VALUES (179.0, 179.0, 75.4);
INSERT INTO Grades (grade_id, enrollment_id, grade) VALUES (180.0, 180.0, 100.0);
INSERT INTO Grades (grade_id, enrollment_id, grade) VALUES (181.0, 181.0, 84.3);
INSERT INTO Grades (grade_id, enrollment_id, grade) VALUES (182.0, 182.0, 69.4);
INSERT INTO Grades (grade_id, enrollment_id, grade) VALUES (183.0, 183.0, 67.3);
INSERT INTO Grades (grade_id, enrollment_id, grade) VALUES (184.0, 184.0, 82.8);
INSERT INTO Grades (grade_id, enrollment_id, grade) VALUES (185.0, 185.0, 75.8);
INSERT INTO Grades (grade_id, enrollment_id, grade) VALUES (186.0, 186.0, 85.1);
INSERT INTO Grades (grade_id, enrollment_id, grade) VALUES (187.0, 187.0, 82.7);
INSERT INTO Grades (grade_id, enrollment_id, grade) VALUES (188.0, 188.0, 77.3);
INSERT INTO Grades (grade_id, enrollment_id, grade) VALUES (189.0, 189.0, 69.5);
INSERT INTO Grades (grade_id, enrollment_id, grade) VALUES (190.0, 190.0, 62.9);
INSERT INTO Grades (grade_id, enrollment_id, grade) VALUES (191.0, 191.0, 73.5);
INSERT INTO Grades (grade_id, enrollment_id, grade) VALUES (192.0, 192.0, 86.6);
INSERT INTO Grades (grade_id, enrollment_id, grade) VALUES (193.0, 193.0, 80.1);
INSERT INTO Grades (grade_id, enrollment_id, grade) VALUES (194.0, 194.0, 65.5);
INSERT INTO Grades (grade_id, enrollment_id, grade) VALUES (195.0, 195.0, 79.7);
INSERT INTO Grades (grade_id, enrollment_id, grade) VALUES (196.0, 196.0, 81.9);
INSERT INTO Grades (grade_id, enrollment_id, grade) VALUES (197.0, 197.0, 69.2);
INSERT INTO Grades (grade_id, enrollment_id, grade) VALUES (198.0, 198.0, 79.5);
INSERT INTO Grades (grade_id, enrollment_id, grade) VALUES (199.0, 199.0, 78.6);
INSERT INTO Grades (grade_id, enrollment_id, grade) VALUES (200.0, 200.0, 66.6);
INSERT INTO Grades (grade_id, enrollment_id, grade) VALUES (201.0, 201.0, 81.6);
INSERT INTO Grades (grade_id, enrollment_id, grade) VALUES (202.0, 202.0, 83.6);
INSERT INTO Grades (grade_id, enrollment_id, grade) VALUES (203.0, 203.0, 88.8);
INSERT INTO Grades (grade_id, enrollment_id, grade) VALUES (204.0, 204.0, 88.5);
INSERT INTO Grades (grade_id, enrollment_id, grade) VALUES (205.0, 205.0, 64.2);
INSERT INTO Grades (grade_id, enrollment_id, grade) VALUES (206.0, 206.0, 68.6);
INSERT INTO Grades (grade_id, enrollment_id, grade) VALUES (207.0, 207.0, 83.2);
INSERT INTO Grades (grade_id, enrollment_id, grade) VALUES (208.0, 208.0, 83.1);
INSERT INTO Grades (grade_id, enrollment_id, grade) VALUES (209.0, 209.0, 83.2);
INSERT INTO Grades (grade_id, enrollment_id, grade) VALUES (210.0, 210.0, 100.0);
INSERT INTO Grades (grade_id, enrollment_id, grade) VALUES (211.0, 211.0, 83.7);
INSERT INTO Grades (grade_id, enrollment_id, grade) VALUES (212.0, 212.0, 89.4);
INSERT INTO Grades (grade_id, enrollment_id, grade) VALUES (213.0, 213.0, 87.5);
INSERT INTO Grades (grade_id, enrollment_id, grade) VALUES (214.0, 214.0, 84.5);
INSERT INTO Grades (grade_id, enrollment_id, grade) VALUES (215.0, 215.0, 74.8);
INSERT INTO Grades (grade_id, enrollment_id, grade) VALUES (216.0, 216.0, 85.6);
INSERT INTO Grades (grade_id, enrollment_id, grade) VALUES (217.0, 217.0, 70.3);
INSERT INTO Grades (grade_id, enrollment_id, grade) VALUES (218.0, 218.0, 75.6);
INSERT INTO Grades (grade_id, enrollment_id, grade) VALUES (219.0, 219.0, 73.1);
INSERT INTO Grades (grade_id, enrollment_id, grade) VALUES (220.0, 220.0, 78.8);
INSERT INTO Grades (grade_id, enrollment_id, grade) VALUES (221.0, 221.0, 100.0);
INSERT INTO Grades (grade_id, enrollment_id, grade) VALUES (222.0, 222.0, 59.3);
INSERT INTO Grades (grade_id, enrollment_id, grade) VALUES (223.0, 223.0, 84.9);
INSERT INTO Grades (grade_id, enrollment_id, grade) VALUES (224.0, 224.0, 61.9);
INSERT INTO Grades (grade_id, enrollment_id, grade) VALUES (225.0, 225.0, 73.3);
INSERT INTO Grades (grade_id, enrollment_id, grade) VALUES (226.0, 226.0, 88.9);
INSERT INTO Grades (grade_id, enrollment_id, grade) VALUES (227.0, 227.0, 78.6);
INSERT INTO Grades (grade_id, enrollment_id, grade) VALUES (228.0, 228.0, 67.2);
INSERT INTO Grades (grade_id, enrollment_id, grade) VALUES (229.0, 229.0, 70.8);
INSERT INTO Grades (grade_id, enrollment_id, grade) VALUES (230.0, 230.0, 84.8);
INSERT INTO Grades (grade_id, enrollment_id, grade) VALUES (231.0, 231.0, 70.7);
INSERT INTO Grades (grade_id, enrollment_id, grade) VALUES (232.0, 232.0, 80.2);
INSERT INTO Grades (grade_id, enrollment_id, grade) VALUES (233.0, 233.0, 78.5);
INSERT INTO Grades (grade_id, enrollment_id, grade) VALUES (234.0, 234.0, 71.5);
INSERT INTO Grades (grade_id, enrollment_id, grade) VALUES (235.0, 235.0, 99.4);
INSERT INTO Grades (grade_id, enrollment_id, grade) VALUES (236.0, 236.0, 84.3);
INSERT INTO Grades (grade_id, enrollment_id, grade) VALUES (237.0, 237.0, 57.7);
INSERT INTO Grades (grade_id, enrollment_id, grade) VALUES (238.0, 238.0, 79.9);
INSERT INTO Grades (grade_id, enrollment_id, grade) VALUES (239.0, 239.0, 71.4);
INSERT INTO Grades (grade_id, enrollment_id, grade) VALUES (240.0, 240.0, 86.5);
INSERT INTO Grades (grade_id, enrollment_id, grade) VALUES (241.0, 241.0, 70.1);
INSERT INTO Grades (grade_id, enrollment_id, grade) VALUES (242.0, 242.0, 76.9);
INSERT INTO Grades (grade_id, enrollment_id, grade) VALUES (243.0, 243.0, 83.0);
INSERT INTO Grades (grade_id, enrollment_id, grade) VALUES (244.0, 244.0, 86.7);
INSERT INTO Grades (grade_id, enrollment_id, grade) VALUES (245.0, 245.0, 66.0);
INSERT INTO Grades (grade_id, enrollment_id, grade) VALUES (246.0, 246.0, 74.7);
INSERT INTO Grades (grade_id, enrollment_id, grade) VALUES (247.0, 247.0, 73.3);
INSERT INTO Grades (grade_id, enrollment_id, grade) VALUES (248.0, 248.0, 71.5);
INSERT INTO Grades (grade_id, enrollment_id, grade) VALUES (249.0, 249.0, 95.7);
INSERT INTO Grades (grade_id, enrollment_id, grade) VALUES (250.0, 250.0, 82.0);
INSERT INTO Grades (grade_id, enrollment_id, grade) VALUES (251.0, 251.0, 65.4);
INSERT INTO Grades (grade_id, enrollment_id, grade) VALUES (252.0, 252.0, 87.2);
INSERT INTO Grades (grade_id, enrollment_id, grade) VALUES (253.0, 253.0, 99.2);
INSERT INTO Grades (grade_id, enrollment_id, grade) VALUES (254.0, 254.0, 88.3);
INSERT INTO Grades (grade_id, enrollment_id, grade) VALUES (255.0, 255.0, 62.8);
INSERT INTO Grades (grade_id, enrollment_id, grade) VALUES (256.0, 256.0, 73.2);
INSERT INTO Grades (grade_id, enrollment_id, grade) VALUES (257.0, 257.0, 90.7);
INSERT INTO Grades (grade_id, enrollment_id, grade) VALUES (258.0, 258.0, 70.9);
INSERT INTO Grades (grade_id, enrollment_id, grade) VALUES (259.0, 259.0, 82.4);
INSERT INTO Grades (grade_id, enrollment_id, grade) VALUES (260.0, 260.0, 85.7);
INSERT INTO Grades (grade_id, enrollment_id, grade) VALUES (261.0, 261.0, 68.7);
INSERT INTO Grades (grade_id, enrollment_id, grade) VALUES (262.0, 262.0, 77.4);
INSERT INTO Grades (grade_id, enrollment_id, grade) VALUES (263.0, 263.0, 45.6);
INSERT INTO Grades (grade_id, enrollment_id, grade) VALUES (264.0, 264.0, 67.8);
INSERT INTO Grades (grade_id, enrollment_id, grade) VALUES (265.0, 265.0, 75.5);
INSERT INTO Grades (grade_id, enrollment_id, grade) VALUES (266.0, 266.0, 65.5);
INSERT INTO Grades (grade_id, enrollment_id, grade) VALUES (267.0, 267.0, 94.3);
INSERT INTO Grades (grade_id, enrollment_id, grade) VALUES (268.0, 268.0, 63.7);
INSERT INTO Grades (grade_id, enrollment_id, grade) VALUES (269.0, 269.0, 73.6);
INSERT INTO Grades (grade_id, enrollment_id, grade) VALUES (270.0, 270.0, 79.3);
INSERT INTO Grades (grade_id, enrollment_id, grade) VALUES (271.0, 271.0, 92.4);
INSERT INTO Grades (grade_id, enrollment_id, grade) VALUES (272.0, 272.0, 63.6);
INSERT INTO Grades (grade_id, enrollment_id, grade) VALUES (273.0, 273.0, 89.6);
INSERT INTO Grades (grade_id, enrollment_id, grade) VALUES (274.0, 274.0, 78.1);
INSERT INTO Grades (grade_id, enrollment_id, grade) VALUES (275.0, 275.0, 68.2);
INSERT INTO Grades (grade_id, enrollment_id, grade) VALUES (276.0, 276.0, 82.6);
INSERT INTO Grades (grade_id, enrollment_id, grade) VALUES (277.0, 277.0, 80.0);
INSERT INTO Grades (grade_id, enrollment_id, grade) VALUES (278.0, 278.0, 72.0);
INSERT INTO Grades (grade_id, enrollment_id, grade) VALUES (279.0, 279.0, 78.7);
INSERT INTO Grades (grade_id, enrollment_id, grade) VALUES (280.0, 280.0, 74.1);
INSERT INTO Grades (grade_id, enrollment_id, grade) VALUES (281.0, 281.0, 79.1);
INSERT INTO Grades (grade_id, enrollment_id, grade) VALUES (282.0, 282.0, 84.6);
INSERT INTO Grades (grade_id, enrollment_id, grade) VALUES (283.0, 283.0, 93.9);
INSERT INTO Grades (grade_id, enrollment_id, grade) VALUES (284.0, 284.0, 65.6);
INSERT INTO Grades (grade_id, enrollment_id, grade) VALUES (285.0, 285.0, 99.3);
INSERT INTO Grades (grade_id, enrollment_id, grade) VALUES (286.0, 286.0, 58.5);
INSERT INTO Grades (grade_id, enrollment_id, grade) VALUES (287.0, 287.0, 76.5);
INSERT INTO Grades (grade_id, enrollment_id, grade) VALUES (288.0, 288.0, 83.9);
INSERT INTO Grades (grade_id, enrollment_id, grade) VALUES (289.0, 289.0, 80.8);
INSERT INTO Grades (grade_id, enrollment_id, grade) VALUES (290.0, 290.0, 71.8);
INSERT INTO Grades (grade_id, enrollment_id, grade) VALUES (291.0, 291.0, 75.9);
INSERT INTO Grades (grade_id, enrollment_id, grade) VALUES (292.0, 292.0, 73.1);
INSERT INTO Grades (grade_id, enrollment_id, grade) VALUES (293.0, 293.0, 72.1);
INSERT INTO Grades (grade_id, enrollment_id, grade) VALUES (294.0, 294.0, 86.5);
INSERT INTO Grades (grade_id, enrollment_id, grade) VALUES (295.0, 295.0, 81.6);
INSERT INTO Grades (grade_id, enrollment_id, grade) VALUES (296.0, 296.0, 71.1);
INSERT INTO Grades (grade_id, enrollment_id, grade) VALUES (297.0, 297.0, 87.0);
INSERT INTO Grades (grade_id, enrollment_id, grade) VALUES (298.0, 298.0, 81.1);
INSERT INTO Grades (grade_id, enrollment_id, grade) VALUES (299.0, 299.0, 86.1);
INSERT INTO Grades (grade_id, enrollment_id, grade) VALUES (300.0, 300.0, 84.3);
INSERT INTO Grades (grade_id, enrollment_id, grade) VALUES (301.0, 301.0, 69.7);
INSERT INTO Grades (grade_id, enrollment_id, grade) VALUES (302.0, 302.0, 72.4);
INSERT INTO Grades (grade_id, enrollment_id, grade) VALUES (303.0, 303.0, 85.5);
INSERT INTO Grades (grade_id, enrollment_id, grade) VALUES (304.0, 304.0, 84.1);
INSERT INTO Grades (grade_id, enrollment_id, grade) VALUES (305.0, 305.0, 77.8);
INSERT INTO Grades (grade_id, enrollment_id, grade) VALUES (306.0, 306.0, 79.2);
INSERT INTO Grades (grade_id, enrollment_id, grade) VALUES (307.0, 307.0, 90.8);
INSERT INTO Grades (grade_id, enrollment_id, grade) VALUES (308.0, 308.0, 72.1);
INSERT INTO Grades (grade_id, enrollment_id, grade) VALUES (309.0, 309.0, 83.5);
INSERT INTO Grades (grade_id, enrollment_id, grade) VALUES (310.0, 310.0, 76.0);
INSERT INTO Grades (grade_id, enrollment_id, grade) VALUES (311.0, 311.0, 75.8);
INSERT INTO Grades (grade_id, enrollment_id, grade) VALUES (312.0, 312.0, 89.0);
INSERT INTO Grades (grade_id, enrollment_id, grade) VALUES (313.0, 313.0, 86.3);
INSERT INTO Grades (grade_id, enrollment_id, grade) VALUES (314.0, 314.0, 86.1);
INSERT INTO Grades (grade_id, enrollment_id, grade) VALUES (315.0, 315.0, 91.1);
INSERT INTO Grades (grade_id, enrollment_id, grade) VALUES (316.0, 316.0, 78.2);
INSERT INTO Grades (grade_id, enrollment_id, grade) VALUES (317.0, 317.0, 84.8);
INSERT INTO Grades (grade_id, enrollment_id, grade) VALUES (318.0, 318.0, 74.9);
INSERT INTO Grades (grade_id, enrollment_id, grade) VALUES (319.0, 319.0, 81.2);
INSERT INTO Grades (grade_id, enrollment_id, grade) VALUES (320.0, 320.0, 76.7);
INSERT INTO Grades (grade_id, enrollment_id, grade) VALUES (321.0, 321.0, 79.0);
INSERT INTO Grades (grade_id, enrollment_id, grade) VALUES (322.0, 322.0, 84.0);
INSERT INTO Grades (grade_id, enrollment_id, grade) VALUES (323.0, 323.0, 69.8);
INSERT INTO Grades (grade_id, enrollment_id, grade) VALUES (324.0, 324.0, 98.9);
INSERT INTO Grades (grade_id, enrollment_id, grade) VALUES (325.0, 325.0, 67.9);
INSERT INTO Grades (grade_id, enrollment_id, grade) VALUES (326.0, 326.0, 65.9);
INSERT INTO Grades (grade_id, enrollment_id, grade) VALUES (327.0, 327.0, 89.6);
INSERT INTO Grades (grade_id, enrollment_id, grade) VALUES (328.0, 328.0, 85.9);
INSERT INTO Grades (grade_id, enrollment_id, grade) VALUES (329.0, 329.0, 84.2);
INSERT INTO Grades (grade_id, enrollment_id, grade) VALUES (330.0, 330.0, 84.3);
INSERT INTO Grades (grade_id, enrollment_id, grade) VALUES (331.0, 331.0, 77.9);
INSERT INTO Grades (grade_id, enrollment_id, grade) VALUES (332.0, 332.0, 69.0);
INSERT INTO Grades (grade_id, enrollment_id, grade) VALUES (333.0, 333.0, 78.8);
INSERT INTO Grades (grade_id, enrollment_id, grade) VALUES (334.0, 334.0, 71.2);
INSERT INTO Grades (grade_id, enrollment_id, grade) VALUES (335.0, 335.0, 87.8);
INSERT INTO Grades (grade_id, enrollment_id, grade) VALUES (336.0, 336.0, 76.5);
INSERT INTO Grades (grade_id, enrollment_id, grade) VALUES (337.0, 337.0, 69.7);
INSERT INTO Grades (grade_id, enrollment_id, grade) VALUES (338.0, 338.0, 74.8);
INSERT INTO Grades (grade_id, enrollment_id, grade) VALUES (339.0, 339.0, 82.1);
INSERT INTO Grades (grade_id, enrollment_id, grade) VALUES (340.0, 340.0, 72.4);
INSERT INTO Grades (grade_id, enrollment_id, grade) VALUES (341.0, 341.0, 69.8);
INSERT INTO Grades (grade_id, enrollment_id, grade) VALUES (342.0, 342.0, 80.4);
INSERT INTO Grades (grade_id, enrollment_id, grade) VALUES (343.0, 343.0, 80.4);
INSERT INTO Grades (grade_id, enrollment_id, grade) VALUES (344.0, 344.0, 72.9);
INSERT INTO Grades (grade_id, enrollment_id, grade) VALUES (345.0, 345.0, 73.3);
INSERT INTO Grades (grade_id, enrollment_id, grade) VALUES (346.0, 346.0, 80.3);
INSERT INTO Grades (grade_id, enrollment_id, grade) VALUES (347.0, 347.0, 63.5);
INSERT INTO Grades (grade_id, enrollment_id, grade) VALUES (348.0, 348.0, 63.9);
INSERT INTO Grades (grade_id, enrollment_id, grade) VALUES (349.0, 349.0, 70.8);
INSERT INTO Grades (grade_id, enrollment_id, grade) VALUES (350.0, 350.0, 75.9);
INSERT INTO Grades (grade_id, enrollment_id, grade) VALUES (351.0, 351.0, 81.1);
INSERT INTO Grades (grade_id, enrollment_id, grade) VALUES (352.0, 352.0, 92.8);
INSERT INTO Grades (grade_id, enrollment_id, grade) VALUES (353.0, 353.0, 86.6);
INSERT INTO Grades (grade_id, enrollment_id, grade) VALUES (354.0, 354.0, 76.4);
INSERT INTO Grades (grade_id, enrollment_id, grade) VALUES (355.0, 355.0, 77.8);
INSERT INTO Grades (grade_id, enrollment_id, grade) VALUES (356.0, 356.0, 68.0);
INSERT INTO Grades (grade_id, enrollment_id, grade) VALUES (357.0, 357.0, 77.8);
INSERT INTO Grades (grade_id, enrollment_id, grade) VALUES (358.0, 358.0, 75.1);
INSERT INTO Grades (grade_id, enrollment_id, grade) VALUES (359.0, 359.0, 81.2);
INSERT INTO Grades (grade_id, enrollment_id, grade) VALUES (360.0, 360.0, 69.7);
INSERT INTO Grades (grade_id, enrollment_id, grade) VALUES (361.0, 361.0, 83.2);
INSERT INTO Grades (grade_id, enrollment_id, grade) VALUES (362.0, 362.0, 93.3);
INSERT INTO Grades (grade_id, enrollment_id, grade) VALUES (363.0, 363.0, 76.9);
INSERT INTO Grades (grade_id, enrollment_id, grade) VALUES (364.0, 364.0, 82.0);
INSERT INTO Grades (grade_id, enrollment_id, grade) VALUES (365.0, 365.0, 84.9);
INSERT INTO Grades (grade_id, enrollment_id, grade) VALUES (366.0, 366.0, 74.0);
INSERT INTO Grades (grade_id, enrollment_id, grade) VALUES (367.0, 367.0, 80.2);
INSERT INTO Grades (grade_id, enrollment_id, grade) VALUES (368.0, 368.0, 78.1);
INSERT INTO Grades (grade_id, enrollment_id, grade) VALUES (369.0, 369.0, 79.0);
INSERT INTO Grades (grade_id, enrollment_id, grade) VALUES (370.0, 370.0, 70.3);
INSERT INTO Grades (grade_id, enrollment_id, grade) VALUES (371.0, 371.0, 78.2);
INSERT INTO Grades (grade_id, enrollment_id, grade) VALUES (372.0, 372.0, 83.0);
INSERT INTO Grades (grade_id, enrollment_id, grade) VALUES (373.0, 373.0, 92.5);
INSERT INTO Grades (grade_id, enrollment_id, grade) VALUES (374.0, 374.0, 87.6);
INSERT INTO Grades (grade_id, enrollment_id, grade) VALUES (375.0, 375.0, 99.5);
INSERT INTO Grades (grade_id, enrollment_id, grade) VALUES (376.0, 376.0, 70.3);
INSERT INTO Grades (grade_id, enrollment_id, grade) VALUES (377.0, 377.0, 86.7);
INSERT INTO Grades (grade_id, enrollment_id, grade) VALUES (378.0, 378.0, 79.8);
INSERT INTO Grades (grade_id, enrollment_id, grade) VALUES (379.0, 379.0, 99.9);
INSERT INTO Grades (grade_id, enrollment_id, grade) VALUES (380.0, 380.0, 69.9);
INSERT INTO Grades (grade_id, enrollment_id, grade) VALUES (381.0, 381.0, 69.6);
INSERT INTO Grades (grade_id, enrollment_id, grade) VALUES (382.0, 382.0, 72.0);
INSERT INTO Grades (grade_id, enrollment_id, grade) VALUES (383.0, 383.0, 56.8);
INSERT INTO Grades (grade_id, enrollment_id, grade) VALUES (384.0, 384.0, 72.7);
INSERT INTO Grades (grade_id, enrollment_id, grade) VALUES (385.0, 385.0, 70.4);
INSERT INTO Grades (grade_id, enrollment_id, grade) VALUES (386.0, 386.0, 79.5);
INSERT INTO Grades (grade_id, enrollment_id, grade) VALUES (387.0, 387.0, 81.4);
INSERT INTO Grades (grade_id, enrollment_id, grade) VALUES (388.0, 388.0, 96.8);
INSERT INTO Grades (grade_id, enrollment_id, grade) VALUES (389.0, 389.0, 87.5);
INSERT INTO Grades (grade_id, enrollment_id, grade) VALUES (390.0, 390.0, 72.2);
INSERT INTO Grades (grade_id, enrollment_id, grade) VALUES (391.0, 391.0, 69.0);
INSERT INTO Grades (grade_id, enrollment_id, grade) VALUES (392.0, 392.0, 82.9);
INSERT INTO Grades (grade_id, enrollment_id, grade) VALUES (393.0, 393.0, 64.8);
INSERT INTO Grades (grade_id, enrollment_id, grade) VALUES (394.0, 394.0, 96.3);
INSERT INTO Grades (grade_id, enrollment_id, grade) VALUES (395.0, 395.0, 89.8);
INSERT INTO Grades (grade_id, enrollment_id, grade) VALUES (396.0, 396.0, 73.3);
INSERT INTO Grades (grade_id, enrollment_id, grade) VALUES (397.0, 397.0, 60.9);
INSERT INTO Grades (grade_id, enrollment_id, grade) VALUES (398.0, 398.0, 91.5);
INSERT INTO Grades (grade_id, enrollment_id, grade) VALUES (399.0, 399.0, 76.9);
INSERT INTO Grades (grade_id, enrollment_id, grade) VALUES (400.0, 400.0, 90.4);
INSERT INTO Grades (grade_id, enrollment_id, grade) VALUES (401.0, 401.0, 62.1);
INSERT INTO Grades (grade_id, enrollment_id, grade) VALUES (402.0, 402.0, 72.0);
INSERT INTO Grades (grade_id, enrollment_id, grade) VALUES (403.0, 403.0, 78.1);
INSERT INTO Grades (grade_id, enrollment_id, grade) VALUES (404.0, 404.0, 78.5);
INSERT INTO Grades (grade_id, enrollment_id, grade) VALUES (405.0, 405.0, 73.5);
INSERT INTO Grades (grade_id, enrollment_id, grade) VALUES (406.0, 406.0, 84.2);
INSERT INTO Grades (grade_id, enrollment_id, grade) VALUES (407.0, 407.0, 67.3);
INSERT INTO Grades (grade_id, enrollment_id, grade) VALUES (408.0, 408.0, 76.6);
INSERT INTO Grades (grade_id, enrollment_id, grade) VALUES (409.0, 409.0, 79.2);
INSERT INTO Grades (grade_id, enrollment_id, grade) VALUES (410.0, 410.0, 83.1);
INSERT INTO Grades (grade_id, enrollment_id, grade) VALUES (411.0, 411.0, 85.1);
INSERT INTO Grades (grade_id, enrollment_id, grade) VALUES (412.0, 412.0, 66.8);
INSERT INTO Grades (grade_id, enrollment_id, grade) VALUES (413.0, 413.0, 62.7);
INSERT INTO Grades (grade_id, enrollment_id, grade) VALUES (414.0, 414.0, 90.8);
INSERT INTO Grades (grade_id, enrollment_id, grade) VALUES (415.0, 415.0, 81.3);
INSERT INTO Grades (grade_id, enrollment_id, grade) VALUES (416.0, 416.0, 70.5);
INSERT INTO Grades (grade_id, enrollment_id, grade) VALUES (417.0, 417.0, 93.5);
INSERT INTO Grades (grade_id, enrollment_id, grade) VALUES (418.0, 418.0, 79.2);
INSERT INTO Grades (grade_id, enrollment_id, grade) VALUES (419.0, 419.0, 89.8);
INSERT INTO Grades (grade_id, enrollment_id, grade) VALUES (420.0, 420.0, 78.7);
INSERT INTO Grades (grade_id, enrollment_id, grade) VALUES (421.0, 421.0, 98.6);
INSERT INTO Grades (grade_id, enrollment_id, grade) VALUES (422.0, 422.0, 95.6);
INSERT INTO Grades (grade_id, enrollment_id, grade) VALUES (423.0, 423.0, 75.5);
INSERT INTO Grades (grade_id, enrollment_id, grade) VALUES (424.0, 424.0, 87.7);
INSERT INTO Grades (grade_id, enrollment_id, grade) VALUES (425.0, 425.0, 84.5);
INSERT INTO Grades (grade_id, enrollment_id, grade) VALUES (426.0, 426.0, 91.7);
INSERT INTO Grades (grade_id, enrollment_id, grade) VALUES (427.0, 427.0, 68.4);
INSERT INTO Grades (grade_id, enrollment_id, grade) VALUES (428.0, 428.0, 84.9);
INSERT INTO Grades (grade_id, enrollment_id, grade) VALUES (429.0, 429.0, 88.6);
INSERT INTO Grades (grade_id, enrollment_id, grade) VALUES (430.0, 430.0, 60.4);
INSERT INTO Grades (grade_id, enrollment_id, grade) VALUES (431.0, 431.0, 66.2);
INSERT INTO Grades (grade_id, enrollment_id, grade) VALUES (432.0, 432.0, 57.6);
INSERT INTO Grades (grade_id, enrollment_id, grade) VALUES (433.0, 433.0, 75.3);
INSERT INTO Grades (grade_id, enrollment_id, grade) VALUES (434.0, 434.0, 85.2);
INSERT INTO Grades (grade_id, enrollment_id, grade) VALUES (435.0, 435.0, 93.0);
INSERT INTO Grades (grade_id, enrollment_id, grade) VALUES (436.0, 436.0, 78.7);
INSERT INTO Grades (grade_id, enrollment_id, grade) VALUES (437.0, 437.0, 94.3);
INSERT INTO Grades (grade_id, enrollment_id, grade) VALUES (438.0, 438.0, 64.2);
INSERT INTO Grades (grade_id, enrollment_id, grade) VALUES (439.0, 439.0, 61.0);
INSERT INTO Grades (grade_id, enrollment_id, grade) VALUES (440.0, 440.0, 77.4);
INSERT INTO Grades (grade_id, enrollment_id, grade) VALUES (441.0, 441.0, 81.8);
INSERT INTO Grades (grade_id, enrollment_id, grade) VALUES (442.0, 442.0, 77.7);
INSERT INTO Grades (grade_id, enrollment_id, grade) VALUES (443.0, 443.0, 57.3);
INSERT INTO Grades (grade_id, enrollment_id, grade) VALUES (444.0, 444.0, 77.1);
INSERT INTO Grades (grade_id, enrollment_id, grade) VALUES (445.0, 445.0, 65.0);
INSERT INTO Grades (grade_id, enrollment_id, grade) VALUES (446.0, 446.0, 84.7);
INSERT INTO Grades (grade_id, enrollment_id, grade) VALUES (447.0, 447.0, 81.7);
INSERT INTO Grades (grade_id, enrollment_id, grade) VALUES (448.0, 448.0, 68.6);
INSERT INTO Grades (grade_id, enrollment_id, grade) VALUES (449.0, 449.0, 72.9);
INSERT INTO Grades (grade_id, enrollment_id, grade) VALUES (450.0, 450.0, 67.4);
INSERT INTO Grades (grade_id, enrollment_id, grade) VALUES (451.0, 451.0, 77.4);
INSERT INTO Grades (grade_id, enrollment_id, grade) VALUES (452.0, 452.0, 87.6);
INSERT INTO Grades (grade_id, enrollment_id, grade) VALUES (453.0, 453.0, 68.1);
INSERT INTO Grades (grade_id, enrollment_id, grade) VALUES (454.0, 454.0, 83.0);
INSERT INTO Grades (grade_id, enrollment_id, grade) VALUES (455.0, 455.0, 72.7);
INSERT INTO Grades (grade_id, enrollment_id, grade) VALUES (456.0, 456.0, 70.1);
INSERT INTO Grades (grade_id, enrollment_id, grade) VALUES (457.0, 457.0, 76.9);
INSERT INTO Grades (grade_id, enrollment_id, grade) VALUES (458.0, 458.0, 67.6);
INSERT INTO Grades (grade_id, enrollment_id, grade) VALUES (459.0, 459.0, 72.5);
INSERT INTO Grades (grade_id, enrollment_id, grade) VALUES (460.0, 460.0, 66.0);
INSERT INTO Grades (grade_id, enrollment_id, grade) VALUES (461.0, 461.0, 97.6);
INSERT INTO Grades (grade_id, enrollment_id, grade) VALUES (462.0, 462.0, 78.4);
INSERT INTO Grades (grade_id, enrollment_id, grade) VALUES (463.0, 463.0, 71.0);
INSERT INTO Grades (grade_id, enrollment_id, grade) VALUES (464.0, 464.0, 80.1);
INSERT INTO Grades (grade_id, enrollment_id, grade) VALUES (465.0, 465.0, 76.9);
INSERT INTO Grades (grade_id, enrollment_id, grade) VALUES (466.0, 466.0, 75.8);
INSERT INTO Grades (grade_id, enrollment_id, grade) VALUES (467.0, 467.0, 84.1);
INSERT INTO Grades (grade_id, enrollment_id, grade) VALUES (468.0, 468.0, 85.6);
INSERT INTO Grades (grade_id, enrollment_id, grade) VALUES (469.0, 469.0, 72.7);
INSERT INTO Grades (grade_id, enrollment_id, grade) VALUES (470.0, 470.0, 72.2);
INSERT INTO Grades (grade_id, enrollment_id, grade) VALUES (471.0, 471.0, 75.2);
INSERT INTO Grades (grade_id, enrollment_id, grade) VALUES (472.0, 472.0, 55.0);
INSERT INTO Grades (grade_id, enrollment_id, grade) VALUES (473.0, 473.0, 62.8);
INSERT INTO Grades (grade_id, enrollment_id, grade) VALUES (474.0, 474.0, 91.7);
INSERT INTO Grades (grade_id, enrollment_id, grade) VALUES (475.0, 475.0, 94.4);
INSERT INTO Grades (grade_id, enrollment_id, grade) VALUES (476.0, 476.0, 75.5);
INSERT INTO Grades (grade_id, enrollment_id, grade) VALUES (477.0, 477.0, 83.8);
INSERT INTO Grades (grade_id, enrollment_id, grade) VALUES (478.0, 478.0, 81.1);
INSERT INTO Grades (grade_id, enrollment_id, grade) VALUES (479.0, 479.0, 100.0);
INSERT INTO Grades (grade_id, enrollment_id, grade) VALUES (480.0, 480.0, 89.2);
INSERT INTO Grades (grade_id, enrollment_id, grade) VALUES (481.0, 481.0, 76.7);
INSERT INTO Grades (grade_id, enrollment_id, grade) VALUES (482.0, 482.0, 68.4);
INSERT INTO Grades (grade_id, enrollment_id, grade) VALUES (483.0, 483.0, 61.9);
INSERT INTO Grades (grade_id, enrollment_id, grade) VALUES (484.0, 484.0, 80.0);
INSERT INTO Grades (grade_id, enrollment_id, grade) VALUES (485.0, 485.0, 70.4);
INSERT INTO Grades (grade_id, enrollment_id, grade) VALUES (486.0, 486.0, 63.8);
INSERT INTO Grades (grade_id, enrollment_id, grade) VALUES (487.0, 487.0, 71.5);
INSERT INTO Grades (grade_id, enrollment_id, grade) VALUES (488.0, 488.0, 67.2);
INSERT INTO Grades (grade_id, enrollment_id, grade) VALUES (489.0, 489.0, 94.9);
INSERT INTO Grades (grade_id, enrollment_id, grade) VALUES (490.0, 490.0, 86.8);
INSERT INTO Grades (grade_id, enrollment_id, grade) VALUES (491.0, 491.0, 77.9);
INSERT INTO Grades (grade_id, enrollment_id, grade) VALUES (492.0, 492.0, 92.8);
INSERT INTO Grades (grade_id, enrollment_id, grade) VALUES (493.0, 493.0, 78.8);
INSERT INTO Grades (grade_id, enrollment_id, grade) VALUES (494.0, 494.0, 69.4);
INSERT INTO Grades (grade_id, enrollment_id, grade) VALUES (495.0, 495.0, 93.2);
INSERT INTO Grades (grade_id, enrollment_id, grade) VALUES (496.0, 496.0, 83.4);
INSERT INTO Grades (grade_id, enrollment_id, grade) VALUES (497.0, 497.0, 67.6);
INSERT INTO Grades (grade_id, enrollment_id, grade) VALUES (498.0, 498.0, 76.1);
INSERT INTO Grades (grade_id, enrollment_id, grade) VALUES (499.0, 499.0, 69.2);
INSERT INTO Grades (grade_id, enrollment_id, grade) VALUES (500.0, 500.0, 64.2);
INSERT INTO Grades (grade_id, enrollment_id, grade) VALUES (501.0, 501.0, 87.3);
INSERT INTO Grades (grade_id, enrollment_id, grade) VALUES (502.0, 502.0, 97.1);
INSERT INTO Grades (grade_id, enrollment_id, grade) VALUES (503.0, 503.0, 64.0);
INSERT INTO Grades (grade_id, enrollment_id, grade) VALUES (504.0, 504.0, 83.6);
INSERT INTO Grades (grade_id, enrollment_id, grade) VALUES (505.0, 505.0, 71.5);
INSERT INTO Grades (grade_id, enrollment_id, grade) VALUES (506.0, 506.0, 73.1);
INSERT INTO Grades (grade_id, enrollment_id, grade) VALUES (507.0, 507.0, 72.1);
INSERT INTO Grades (grade_id, enrollment_id, grade) VALUES (508.0, 508.0, 69.4);
INSERT INTO Grades (grade_id, enrollment_id, grade) VALUES (509.0, 509.0, 78.5);
INSERT INTO Grades (grade_id, enrollment_id, grade) VALUES (510.0, 510.0, 69.7);
INSERT INTO Grades (grade_id, enrollment_id, grade) VALUES (511.0, 511.0, 80.7);
INSERT INTO Grades (grade_id, enrollment_id, grade) VALUES (512.0, 512.0, 77.5);
INSERT INTO Grades (grade_id, enrollment_id, grade) VALUES (513.0, 513.0, 75.6);
INSERT INTO Grades (grade_id, enrollment_id, grade) VALUES (514.0, 514.0, 68.9);
INSERT INTO Grades (grade_id, enrollment_id, grade) VALUES (515.0, 515.0, 72.2);
INSERT INTO Grades (grade_id, enrollment_id, grade) VALUES (516.0, 516.0, 85.6);
INSERT INTO Grades (grade_id, enrollment_id, grade) VALUES (517.0, 517.0, 83.0);
INSERT INTO Grades (grade_id, enrollment_id, grade) VALUES (518.0, 518.0, 68.2);
INSERT INTO Grades (grade_id, enrollment_id, grade) VALUES (519.0, 519.0, 79.0);
INSERT INTO Grades (grade_id, enrollment_id, grade) VALUES (520.0, 520.0, 85.5);
INSERT INTO Grades (grade_id, enrollment_id, grade) VALUES (521.0, 521.0, 61.3);
INSERT INTO Grades (grade_id, enrollment_id, grade) VALUES (522.0, 522.0, 83.4);
INSERT INTO Grades (grade_id, enrollment_id, grade) VALUES (523.0, 523.0, 71.4);
INSERT INTO Grades (grade_id, enrollment_id, grade) VALUES (524.0, 524.0, 83.7);
INSERT INTO Grades (grade_id, enrollment_id, grade) VALUES (525.0, 525.0, 70.4);
INSERT INTO Grades (grade_id, enrollment_id, grade) VALUES (526.0, 526.0, 60.0);
INSERT INTO Grades (grade_id, enrollment_id, grade) VALUES (527.0, 527.0, 61.7);
INSERT INTO Grades (grade_id, enrollment_id, grade) VALUES (528.0, 528.0, 78.5);
INSERT INTO Grades (grade_id, enrollment_id, grade) VALUES (529.0, 529.0, 80.6);
INSERT INTO Grades (grade_id, enrollment_id, grade) VALUES (530.0, 530.0, 69.0);
INSERT INTO Grades (grade_id, enrollment_id, grade) VALUES (531.0, 531.0, 84.4);
INSERT INTO Grades (grade_id, enrollment_id, grade) VALUES (532.0, 532.0, 61.4);
INSERT INTO Grades (grade_id, enrollment_id, grade) VALUES (533.0, 533.0, 77.3);
INSERT INTO Grades (grade_id, enrollment_id, grade) VALUES (534.0, 534.0, 65.9);
INSERT INTO Grades (grade_id, enrollment_id, grade) VALUES (535.0, 535.0, 71.5);
INSERT INTO Grades (grade_id, enrollment_id, grade) VALUES (536.0, 536.0, 78.5);
INSERT INTO Grades (grade_id, enrollment_id, grade) VALUES (537.0, 537.0, 69.4);
INSERT INTO Grades (grade_id, enrollment_id, grade) VALUES (538.0, 538.0, 74.2);
INSERT INTO Grades (grade_id, enrollment_id, grade) VALUES (539.0, 539.0, 88.1);
INSERT INTO Grades (grade_id, enrollment_id, grade) VALUES (540.0, 540.0, 72.2);
INSERT INTO Grades (grade_id, enrollment_id, grade) VALUES (541.0, 541.0, 86.4);
INSERT INTO Grades (grade_id, enrollment_id, grade) VALUES (542.0, 542.0, 66.7);
INSERT INTO Grades (grade_id, enrollment_id, grade) VALUES (543.0, 543.0, 83.3);
INSERT INTO Grades (grade_id, enrollment_id, grade) VALUES (544.0, 544.0, 92.4);
INSERT INTO Grades (grade_id, enrollment_id, grade) VALUES (545.0, 545.0, 53.3);
INSERT INTO Grades (grade_id, enrollment_id, grade) VALUES (546.0, 546.0, 70.0);
INSERT INTO Grades (grade_id, enrollment_id, grade) VALUES (547.0, 547.0, 83.8);
INSERT INTO Grades (grade_id, enrollment_id, grade) VALUES (548.0, 548.0, 76.0);
INSERT INTO Grades (grade_id, enrollment_id, grade) VALUES (549.0, 549.0, 81.7);
INSERT INTO Grades (grade_id, enrollment_id, grade) VALUES (550.0, 550.0, 72.0);
INSERT INTO Grades (grade_id, enrollment_id, grade) VALUES (551.0, 551.0, 78.9);
INSERT INTO Grades (grade_id, enrollment_id, grade) VALUES (552.0, 552.0, 76.4);
INSERT INTO Grades (grade_id, enrollment_id, grade) VALUES (553.0, 553.0, 89.7);
INSERT INTO Grades (grade_id, enrollment_id, grade) VALUES (554.0, 554.0, 80.5);
INSERT INTO Grades (grade_id, enrollment_id, grade) VALUES (555.0, 555.0, 81.4);
INSERT INTO Grades (grade_id, enrollment_id, grade) VALUES (556.0, 556.0, 73.9);
INSERT INTO Grades (grade_id, enrollment_id, grade) VALUES (557.0, 557.0, 73.1);
INSERT INTO Grades (grade_id, enrollment_id, grade) VALUES (558.0, 558.0, 73.7);
INSERT INTO Grades (grade_id, enrollment_id, grade) VALUES (559.0, 559.0, 81.9);
INSERT INTO Grades (grade_id, enrollment_id, grade) VALUES (560.0, 560.0, 73.8);